Sample,Longitude,Latitude,bio1,bio2,bio3,bio4,bio5,bio6,bio7,bio8,bio9,bio10,bio11,bio12,bio13,bio14,bio15,bio16,bio17,bio18,bio19,AWC,CEC,PH,TEB,toN,wind_flower,vapr,srad,srad_leaf
CZ29,102.7189764,25.39839994,12.8175001144409,10.7323331832886,46.8006858825684,443.2919921875,22.2919998168945,-0.639999985694885,22.931999206543,17.4759998321533,6.81933307647705,17.4759998321533,6.81933307647705,925,186,11,84.7953491210938,514,39,514,39,159,13,5.90000009536743,9,1.33000004291534,2.9826666514078766,1.183366691072782,14396.083333333334,15217.42857142857
CZ30,102.7189764,25.39839994,12.8175001144409,10.7323331832886,46.8006858825684,443.2919921875,22.2919998168945,-0.639999985694885,22.931999206543,17.4759998321533,6.81933307647705,17.4759998321533,6.81933307647705,925,186,11,84.7953491210938,514,39,514,39,159,13,5.90000009536743,9,1.33000004291534,2.9826666514078766,1.183366691072782,14396.083333333334,15217.42857142857
CZ31,102.7189764,25.39839994,12.8175001144409,10.7323331832886,46.8006858825684,443.2919921875,22.2919998168945,-0.639999985694885,22.931999206543,17.4759998321533,6.81933307647705,17.4759998321533,6.81933307647705,925,186,11,84.7953491210938,514,39,514,39,159,13,5.90000009536743,9,1.33000004291534,2.9826666514078766,1.183366691072782,14396.083333333334,15217.42857142857
HH5,102.7166667,25.4,12.8175001144409,10.7323331832886,46.8006858825684,443.2919921875,22.2919998168945,-0.639999985694885,22.931999206543,17.4759998321533,6.81933307647705,17.4759998321533,6.81933307647705,925,186,11,84.7953491210938,514,39,514,39,159,13,5.90000009536743,9,1.33000004291534,2.9826666514078766,1.183366691072782,14396.083333333334,15217.42857142857
HH51,102.7166667,25.4,12.8175001144409,10.7323331832886,46.8006858825684,443.2919921875,22.2919998168945,-0.639999985694885,22.931999206543,17.4759998321533,6.81933307647705,17.4759998321533,6.81933307647705,925,186,11,84.7953491210938,514,39,514,39,159,13,5.90000009536743,9,1.33000004291534,2.9826666514078766,1.183366691072782,14396.083333333334,15217.42857142857
HH52,102.7166667,25.4,12.8175001144409,10.7323331832886,46.8006858825684,443.2919921875,22.2919998168945,-0.639999985694885,22.931999206543,17.4759998321533,6.81933307647705,17.4759998321533,6.81933307647705,925,186,11,84.7953491210938,514,39,514,39,159,13,5.90000009536743,9,1.33000004291534,2.9826666514078766,1.183366691072782,14396.083333333334,15217.42857142857
HH53,102.7166667,25.4,12.8175001144409,10.7323331832886,46.8006858825684,443.2919921875,22.2919998168945,-0.639999985694885,22.931999206543,17.4759998321533,6.81933307647705,17.4759998321533,6.81933307647705,925,186,11,84.7953491210938,514,39,514,39,159,13,5.90000009536743,9,1.33000004291534,2.9826666514078766,1.183366691072782,14396.083333333334,15217.42857142857
CYN1-4,100.1340861,26.25771111,11.9685001373291,10.8990001678467,47.7356338500977,452.8681640625,21.3999996185303,-1.432000041008,22.8319988250732,17.0553321838379,6.5493335723877,17.0553321838379,6.01933336257935,844,141,13,62.9078063964844,389,57,389,62,159,13,5.90000009536743,9,1.33000004291534,2.5026666323343902,1.026733341316381,14765.416666666666,15204.285714285714
CYN1-3,100.1340861,26.25771111,11.9685001373291,10.8990001678467,47.7356338500977,452.8681640625,21.3999996185303,-1.432000041008,22.8319988250732,17.0553321838379,6.5493335723877,17.0553321838379,6.01933336257935,844,141,13,62.9078063964844,389,57,389,62,159,13,5.90000009536743,9,1.33000004291534,2.5026666323343902,1.026733341316381,14765.416666666666,15204.285714285714
CYN1-2,100.1340861,26.25771111,11.9685001373291,10.8990001678467,47.7356338500977,452.8681640625,21.3999996185303,-1.432000041008,22.8319988250732,17.0553321838379,6.5493335723877,17.0553321838379,6.01933336257935,844,141,13,62.9078063964844,389,57,389,62,159,13,5.90000009536743,9,1.33000004291534,2.5026666323343902,1.026733341316381,14765.416666666666,15204.285714285714
CYN1-1,100.1356361,26.25835278,11.9685001373291,10.8990001678467,47.7356338500977,452.8681640625,21.3999996185303,-1.432000041008,22.8319988250732,17.0553321838379,6.5493335723877,17.0553321838379,6.01933336257935,844,141,13,62.9078063964844,389,57,389,62,159,13,5.90000009536743,9,1.33000004291534,2.5026666323343902,1.026733341316381,14765.416666666666,15204.285714285714
CYN1-5,100.1356361,26.25835278,11.9685001373291,10.8990001678467,47.7356338500977,452.8681640625,21.3999996185303,-1.432000041008,22.8319988250732,17.0553321838379,6.5493335723877,17.0553321838379,6.01933336257935,844,141,13,62.9078063964844,389,57,389,62,159,13,5.90000009536743,9,1.33000004291534,2.5026666323343902,1.026733341316381,14765.416666666666,15204.285714285714
CYN1-6,100.1356361,26.25835278,11.9685001373291,10.8990001678467,47.7356338500977,452.8681640625,21.3999996185303,-1.432000041008,22.8319988250732,17.0553321838379,6.5493335723877,17.0553321838379,6.01933336257935,844,141,13,62.9078063964844,389,57,389,62,159,13,5.90000009536743,9,1.33000004291534,2.5026666323343902,1.026733341316381,14765.416666666666,15204.285714285714
HHB01,110.1666667,26.38333333,13.978666305542,7.33800029754639,26.5254497528076,750.421325683594,27.3239994049072,-0.340000003576279,27.6639995574951,18.0113334655762,6.22733306884766,22.8073329925537,4.3953332901001,1533,255,44,54.594539642334,687,173,539,175,159,13,5.90000009536743,9,1.33000004291534,2.1879999637603733,1.4355666637420657,13028.083333333334,15958.0
HH20,110.1666667,26.38333333,13.978666305542,7.33800029754639,26.5254497528076,750.421325683594,27.3239994049072,-0.340000003576279,27.6639995574951,18.0113334655762,6.22733306884766,22.8073329925537,4.3953332901001,1533,255,44,54.594539642334,687,173,539,175,159,13,5.90000009536743,9,1.33000004291534,2.1879999637603733,1.4355666637420657,13028.083333333334,15958.0
HH21,110.1666667,26.38333333,13.978666305542,7.33800029754639,26.5254497528076,750.421325683594,27.3239994049072,-0.340000003576279,27.6639995574951,18.0113334655762,6.22733306884766,22.8073329925537,4.3953332901001,1533,255,44,54.594539642334,687,173,539,175,159,13,5.90000009536743,9,1.33000004291534,2.1879999637603733,1.4355666637420657,13028.083333333334,15958.0
HH7-1,110.1666667,26.38333333,13.978666305542,7.33800029754639,26.5254497528076,750.421325683594,27.3239994049072,-0.340000003576279,27.6639995574951,18.0113334655762,6.22733306884766,22.8073329925537,4.3953332901001,1533,255,44,54.594539642334,687,173,539,175,159,13,5.90000009536743,9,1.33000004291534,2.1879999637603733,1.4355666637420657,13028.083333333334,15958.0
CHN1-1,110.1369377,26.4415701,13.2239999771118,7.16933298110962,26.1311168670654,747.248046875,26.4759998321533,-0.960000038146973,27.4360008239746,17.2140007019043,5.53333330154419,22.0259990692139,3.68733334541321,1542,255,43,54.7084693908691,687,169,549,171,163,11,5.30000019073486,5,1.53999996185303,2.2533333301544203,1.3751666744550075,12992.5,15886.0
CHN1-2,110.1369377,26.4415701,13.2239999771118,7.16933298110962,26.1311168670654,747.248046875,26.4759998321533,-0.960000038146973,27.4360008239746,17.2140007019043,5.53333330154419,22.0259990692139,3.68733334541321,1542,255,43,54.7084693908691,687,169,549,171,163,11,5.30000019073486,5,1.53999996185303,2.2533333301544203,1.3751666744550075,12992.5,15886.0
CHN1-3,110.1369377,26.4415701,13.2239999771118,7.16933298110962,26.1311168670654,747.248046875,26.4759998321533,-0.960000038146973,27.4360008239746,17.2140007019043,5.53333330154419,22.0259990692139,3.68733334541321,1542,255,43,54.7084693908691,687,169,549,171,163,11,5.30000019073486,5,1.53999996185303,2.2533333301544203,1.3751666744550075,12992.5,15886.0
CHN1-4,110.1369377,26.4415701,13.2239999771118,7.16933298110962,26.1311168670654,747.248046875,26.4759998321533,-0.960000038146973,27.4360008239746,17.2140007019043,5.53333330154419,22.0259990692139,3.68733334541321,1542,255,43,54.7084693908691,687,169,549,171,163,11,5.30000019073486,5,1.53999996185303,2.2533333301544203,1.3751666744550075,12992.5,15886.0
CHN1-5,110.1369377,26.4415701,13.2239999771118,7.16933298110962,26.1311168670654,747.248046875,26.4759998321533,-0.960000038146973,27.4360008239746,17.2140007019043,5.53333330154419,22.0259990692139,3.68733334541321,1542,255,43,54.7084693908691,687,169,549,171,163,11,5.30000019073486,5,1.53999996185303,2.2533333301544203,1.3751666744550075,12992.5,15886.0
SRR26796371,107.908829,26.746752,15.2131662368774,7.7296667098999,27.390739440918,756.254943847656,29.1079998016357,0.888000011444092,28.2199993133545,22.5606670379639,5.61800003051758,24.1986656188965,5.61800003051758,1176,197,26,61.6424980163574,534,86,478,86,135,15,6.30000019073486,7,1.39999997615814,1.9253333012262999,1.4871666630109146,12801.416666666666,15705.42857142857
SRR26796372,107.908829,26.746752,15.2131662368774,7.7296667098999,27.390739440918,756.254943847656,29.1079998016357,0.888000011444092,28.2199993133545,22.5606670379639,5.61800003051758,24.1986656188965,5.61800003051758,1176,197,26,61.6424980163574,534,86,478,86,135,15,6.30000019073486,7,1.39999997615814,1.9253333012262999,1.4871666630109146,12801.416666666666,15705.42857142857
SRR26796373,107.908829,26.746752,15.2131662368774,7.7296667098999,27.390739440918,756.254943847656,29.1079998016357,0.888000011444092,28.2199993133545,22.5606670379639,5.61800003051758,24.1986656188965,5.61800003051758,1176,197,26,61.6424980163574,534,86,478,86,135,15,6.30000019073486,7,1.39999997615814,1.9253333012262999,1.4871666630109146,12801.416666666666,15705.42857142857
CYN4-1,99.63051944,26.79395556,8.97516632080078,10.0450000762939,43.1189918518066,504.078338623047,18.7239990234375,-4.57200002670288,23.2959995269775,14.8640003204346,3.43066668510437,14.8640003204346,2.54066681861877,855,144,12,60.9286003112793,379,53,379,69,159,13,5.90000009536743,9,1.33000004291534,2.6239999930063864,0.881733330587546,14580.833333333334,15133.42857142857
CYN4-2,99.63051944,26.79395556,8.97516632080078,10.0450000762939,43.1189918518066,504.078338623047,18.7239990234375,-4.57200002670288,23.2959995269775,14.8640003204346,3.43066668510437,14.8640003204346,2.54066681861877,855,144,12,60.9286003112793,379,53,379,69,159,13,5.90000009536743,9,1.33000004291534,2.6239999930063864,0.881733330587546,14580.833333333334,15133.42857142857
CYN4-3,99.63051944,26.79395556,8.97516632080078,10.0450000762939,43.1189918518066,504.078338623047,18.7239990234375,-4.57200002670288,23.2959995269775,14.8640003204346,3.43066668510437,14.8640003204346,2.54066681861877,855,144,12,60.9286003112793,379,53,379,69,159,13,5.90000009536743,9,1.33000004291534,2.6239999930063864,0.881733330587546,14580.833333333334,15133.42857142857
CYN4-4,99.63051944,26.79395556,8.97516632080078,10.0450000762939,43.1189918518066,504.078338623047,18.7239990234375,-4.57200002670288,23.2959995269775,14.8640003204346,3.43066668510437,14.8640003204346,2.54066681861877,855,144,12,60.9286003112793,379,53,379,69,159,13,5.90000009536743,9,1.33000004291534,2.6239999930063864,0.881733330587546,14580.833333333334,15133.42857142857
CYN4-5,99.63051944,26.79395556,8.97516632080078,10.0450000762939,43.1189918518066,504.078338623047,18.7239990234375,-4.57200002670288,23.2959995269775,14.8640003204346,3.43066668510437,14.8640003204346,2.54066681861877,855,144,12,60.9286003112793,379,53,379,69,159,13,5.90000009536743,9,1.33000004291534,2.6239999930063864,0.881733330587546,14580.833333333334,15133.42857142857
CYN4-6,99.63051944,26.79395556,8.97516632080078,10.0450000762939,43.1189918518066,504.078338623047,18.7239990234375,-4.57200002670288,23.2959995269775,14.8640003204346,3.43066668510437,14.8640003204346,2.54066681861877,855,144,12,60.9286003112793,379,53,379,69,159,13,5.90000009536743,9,1.33000004291534,2.6239999930063864,0.881733330587546,14580.833333333334,15133.42857142857
HH30,100.3666667,27.26666667,10.9519996643066,11.6979999542236,45.8313751220703,515.053955078125,22.0279998779297,-3.49600005149841,25.5240001678467,16.8999996185303,4.88000011444092,16.8999996185303,4.32666683197021,769,144,9,69.5011291503906,373,39,373,47,159,13,5.90000009536743,9,1.33000004291534,2.6706666946411133,0.8515000119805333,14329.5,15065.142857142857
HH31,100.3666667,27.26666667,10.9519996643066,11.6979999542236,45.8313751220703,515.053955078125,22.0279998779297,-3.49600005149841,25.5240001678467,16.8999996185303,4.88000011444092,16.8999996185303,4.32666683197021,769,144,9,69.5011291503906,373,39,373,47,159,13,5.90000009536743,9,1.33000004291534,2.6706666946411133,0.8515000119805333,14329.5,15065.142857142857
HH32,100.3666667,27.26666667,10.9519996643066,11.6979999542236,45.8313751220703,515.053955078125,22.0279998779297,-3.49600005149841,25.5240001678467,16.8999996185303,4.88000011444092,16.8999996185303,4.32666683197021,769,144,9,69.5011291503906,373,39,373,47,159,13,5.90000009536743,9,1.33000004291534,2.6706666946411133,0.8515000119805333,14329.5,15065.142857142857
CYN5-1,100.3862278,27.27761944,9.77649974822998,11.3003330230713,44.9997329711914,511.185485839844,20.6319999694824,-4.48000001907349,25.1119995117188,15.699333190918,3.80133318901062,15.699333190918,3.22000002861023,771,145,9,70.6980819702148,378,39,378,44,159,13,5.90000009536743,9,1.33000004291534,2.874666611353557,0.801899996896585,14243.666666666666,14995.42857142857
CYN5-2,100.3862278,27.27761944,9.77649974822998,11.3003330230713,44.9997329711914,511.185485839844,20.6319999694824,-4.48000001907349,25.1119995117188,15.699333190918,3.80133318901062,15.699333190918,3.22000002861023,771,145,9,70.6980819702148,378,39,378,44,159,13,5.90000009536743,9,1.33000004291534,2.874666611353557,0.801899996896585,14243.666666666666,14995.42857142857
CYN5-3,100.3862278,27.27761944,9.77649974822998,11.3003330230713,44.9997329711914,511.185485839844,20.6319999694824,-4.48000001907349,25.1119995117188,15.699333190918,3.80133318901062,15.699333190918,3.22000002861023,771,145,9,70.6980819702148,378,39,378,44,159,13,5.90000009536743,9,1.33000004291534,2.874666611353557,0.801899996896585,14243.666666666666,14995.42857142857
CYN5-4,100.3862278,27.27761944,9.77649974822998,11.3003330230713,44.9997329711914,511.185485839844,20.6319999694824,-4.48000001907349,25.1119995117188,15.699333190918,3.80133318901062,15.699333190918,3.22000002861023,771,145,9,70.6980819702148,378,39,378,44,159,13,5.90000009536743,9,1.33000004291534,2.874666611353557,0.801899996896585,14243.666666666666,14995.42857142857
CYN5-5,100.3862278,27.27761944,9.77649974822998,11.3003330230713,44.9997329711914,511.185485839844,20.6319999694824,-4.48000001907349,25.1119995117188,15.699333190918,3.80133318901062,15.699333190918,3.22000002861023,771,145,9,70.6980819702148,378,39,378,44,159,13,5.90000009536743,9,1.33000004291534,2.874666611353557,0.801899996896585,14243.666666666666,14995.42857142857
CYN5-6,100.3862278,27.27761944,9.77649974822998,11.3003330230713,44.9997329711914,511.185485839844,20.6319999694824,-4.48000001907349,25.1119995117188,15.699333190918,3.80133318901062,15.699333190918,3.22000002861023,771,145,9,70.6980819702148,378,39,378,44,159,13,5.90000009536743,9,1.33000004291534,2.874666611353557,0.801899996896585,14243.666666666666,14995.42857142857
CYN5-7,100.3862278,27.27761944,9.77649974822998,11.3003330230713,44.9997329711914,511.185485839844,20.6319999694824,-4.48000001907349,25.1119995117188,15.699333190918,3.80133318901062,15.699333190918,3.22000002861023,771,145,9,70.6980819702148,378,39,378,44,159,13,5.90000009536743,9,1.33000004291534,2.874666611353557,0.801899996896585,14243.666666666666,14995.42857142857
CYN2-1,99.969875,27.36171111,8.74600028991699,11.043999671936,44.360538482666,527.765319824219,19.2159996032715,-5.67999982833862,24.8959999084473,14.8520002365112,2.80866670608521,14.8520002365112,1.98066675662994,786,140,10,64.1189117431641,362,45,362,59,159,13,5.90000009536743,9,1.33000004291534,2.43733334541321,0.8092333376407624,14246.916666666666,15048.714285714286
CYN2-2,99.969875,27.36171111,8.74600028991699,11.043999671936,44.360538482666,527.765319824219,19.2159996032715,-5.67999982833862,24.8959999084473,14.8520002365112,2.80866670608521,14.8520002365112,1.98066675662994,786,140,10,64.1189117431641,362,45,362,59,159,13,5.90000009536743,9,1.33000004291534,2.43733334541321,0.8092333376407624,14246.916666666666,15048.714285714286
CYN2-3,99.969875,27.36171111,8.74600028991699,11.043999671936,44.360538482666,527.765319824219,19.2159996032715,-5.67999982833862,24.8959999084473,14.8520002365112,2.80866670608521,14.8520002365112,1.98066675662994,786,140,10,64.1189117431641,362,45,362,59,159,13,5.90000009536743,9,1.33000004291534,2.43733334541321,0.8092333376407624,14246.916666666666,15048.714285714286
CYN2-4,99.969875,27.36171111,8.74600028991699,11.043999671936,44.360538482666,527.765319824219,19.2159996032715,-5.67999982833862,24.8959999084473,14.8520002365112,2.80866670608521,14.8520002365112,1.98066675662994,786,140,10,64.1189117431641,362,45,362,59,159,13,5.90000009536743,9,1.33000004291534,2.43733334541321,0.8092333376407624,14246.916666666666,15048.714285714286
CYN2-5,99.969875,27.36171111,8.74600028991699,11.043999671936,44.360538482666,527.765319824219,19.2159996032715,-5.67999982833862,24.8959999084473,14.8520002365112,2.80866670608521,14.8520002365112,1.98066675662994,786,140,10,64.1189117431641,362,45,362,59,159,13,5.90000009536743,9,1.33000004291534,2.43733334541321,0.8092333376407624,14246.916666666666,15048.714285714286
HH45,99.05,27.8,10.1781663894653,10.2416667938232,41.5112953186035,546.59228515625,20.9039993286133,-3.76799988746643,24.6719989776611,16.492000579834,4.31533336639404,16.492000579834,3.21933317184448,935,169,11,66.5084991455078,439,48,439,73,156,18,5.09999990463257,5,2.25,2.1226666768391933,0.9054666633407281,14514.25,15323.714285714286
HH1,99.05,27.8,10.1781663894653,10.2416667938232,41.5112953186035,546.59228515625,20.9039993286133,-3.76799988746643,24.6719989776611,16.492000579834,4.31533336639404,16.492000579834,3.21933317184448,935,169,11,66.5084991455078,439,48,439,73,156,18,5.09999990463257,5,2.25,2.1226666768391933,0.9054666633407281,14514.25,15323.714285714286
HH4-3,99.05,27.8,10.1781663894653,10.2416667938232,41.5112953186035,546.59228515625,20.9039993286133,-3.76799988746643,24.6719989776611,16.492000579834,4.31533336639404,16.492000579834,3.21933317184448,935,169,11,66.5084991455078,439,48,439,73,156,18,5.09999990463257,5,2.25,2.1226666768391933,0.9054666633407281,14514.25,15323.714285714286
CZ36,99.05,27.8,10.1781663894653,10.2416667938232,41.5112953186035,546.59228515625,20.9039993286133,-3.76799988746643,24.6719989776611,16.492000579834,4.31533336639404,16.492000579834,3.21933317184448,935,169,11,66.5084991455078,439,48,439,73,156,18,5.09999990463257,5,2.25,2.1226666768391933,0.9054666633407281,14514.25,15323.714285714286
CZ37,99.05,27.8,10.1781663894653,10.2416667938232,41.5112953186035,546.59228515625,20.9039993286133,-3.76799988746643,24.6719989776611,16.492000579834,4.31533336639404,16.492000579834,3.21933317184448,935,169,11,66.5084991455078,439,48,439,73,156,18,5.09999990463257,5,2.25,2.1226666768391933,0.9054666633407281,14514.25,15323.714285714286
HH75,98.9,28.06666667,9.61866664886475,9.99866676330566,40.7709465026855,554.758911132812,20.42799949646,-4.09600019454956,24.5240001678467,15.9953336715698,3.78066658973694,15.9953336715698,2.54533338546753,936,177,11,69.8322982788086,457,46,457,66,159,15,6.0,13,1.69000005722046,2.1373333136240635,0.8802666614452993,14492.166666666666,15384.285714285714
HH76,98.9,28.06666667,9.61866664886475,9.99866676330566,40.7709465026855,554.758911132812,20.42799949646,-4.09600019454956,24.5240001678467,15.9953336715698,3.78066658973694,15.9953336715698,2.54533338546753,936,177,11,69.8322982788086,457,46,457,66,159,15,6.0,13,1.69000005722046,2.1373333136240635,0.8802666614452993,14492.166666666666,15384.285714285714
HH46,98.9,28.06666667,9.61866664886475,9.99866676330566,40.7709465026855,554.758911132812,20.42799949646,-4.09600019454956,24.5240001678467,15.9953336715698,3.78066658973694,15.9953336715698,2.54533338546753,936,177,11,69.8322982788086,457,46,457,66,159,15,6.0,13,1.69000005722046,2.1373333136240635,0.8802666614452993,14492.166666666666,15384.285714285714
HH47,98.9,28.06666667,9.61866664886475,9.99866676330566,40.7709465026855,554.758911132812,20.42799949646,-4.09600019454956,24.5240001678467,15.9953336715698,3.78066658973694,15.9953336715698,2.54533338546753,936,177,11,69.8322982788086,457,46,457,66,159,15,6.0,13,1.69000005722046,2.1373333136240635,0.8802666614452993,14492.166666666666,15384.285714285714
HH48,98.9,28.06666667,9.61866664886475,9.99866676330566,40.7709465026855,554.758911132812,20.42799949646,-4.09600019454956,24.5240001678467,15.9953336715698,3.78066658973694,15.9953336715698,2.54533338546753,936,177,11,69.8322982788086,457,46,457,66,159,15,6.0,13,1.69000005722046,2.1373333136240635,0.8802666614452993,14492.166666666666,15384.285714285714
CGZ1-5,107.2215225,28.19575698,13.7270002365112,6.94400024414062,25.4582786560059,741.139221191406,27.9039993286133,0.628000020980835,27.2759990692139,20.8026657104492,4.18933343887329,22.541332244873,4.18933343887329,1125,184,18,64.6963043212891,510,60,481,60,34,24,7.69999980926514,29,2.49000000953674,2.0920000076293963,1.3434666693210595,12220.25,15064.142857142857
CGZ1-1,107.2215225,28.19575698,13.7270002365112,6.94400024414062,25.4582786560059,741.139221191406,27.9039993286133,0.628000020980835,27.2759990692139,20.8026657104492,4.18933343887329,22.541332244873,4.18933343887329,1125,184,18,64.6963043212891,510,60,481,60,34,24,7.69999980926514,29,2.49000000953674,2.0920000076293963,1.3434666693210595,12220.25,15064.142857142857
CGZ1-2,107.2215225,28.19575698,13.7270002365112,6.94400024414062,25.4582786560059,741.139221191406,27.9039993286133,0.628000020980835,27.2759990692139,20.8026657104492,4.18933343887329,22.541332244873,4.18933343887329,1125,184,18,64.6963043212891,510,60,481,60,34,24,7.69999980926514,29,2.49000000953674,2.0920000076293963,1.3434666693210595,12220.25,15064.142857142857
CGZ1-3,107.2215225,28.19575698,13.7270002365112,6.94400024414062,25.4582786560059,741.139221191406,27.9039993286133,0.628000020980835,27.2759990692139,20.8026657104492,4.18933343887329,22.541332244873,4.18933343887329,1125,184,18,64.6963043212891,510,60,481,60,34,24,7.69999980926514,29,2.49000000953674,2.0920000076293963,1.3434666693210595,12220.25,15064.142857142857
CGZ1-4,107.2215225,28.19575698,13.7270002365112,6.94400024414062,25.4582786560059,741.139221191406,27.9039993286133,0.628000020980835,27.2759990692139,20.8026657104492,4.18933343887329,22.541332244873,4.18933343887329,1125,184,18,64.6963043212891,510,60,481,60,34,24,7.69999980926514,29,2.49000000953674,2.0920000076293963,1.3434666693210595,12220.25,15064.142857142857
CSC13-1,103.3630472,28.35803056,10.0203332901001,8.8439998626709,33.5610198974609,623.609924316406,22.2439994812012,-4.10799980163574,26.3519992828369,17.3360004425049,1.8253333568573,17.3360004425049,1.8253333568573,903,164,12,83.0544891357422,486,37,486,37,159,13,5.90000009536743,9,1.33000004291534,2.0839999516805037,1.0825666735569632,12007.083333333334,14073.42857142857
CSC13-2,103.3630472,28.35803056,10.0203332901001,8.8439998626709,33.5610198974609,623.609924316406,22.2439994812012,-4.10799980163574,26.3519992828369,17.3360004425049,1.8253333568573,17.3360004425049,1.8253333568573,903,164,12,83.0544891357422,486,37,486,37,159,13,5.90000009536743,9,1.33000004291534,2.0839999516805037,1.0825666735569632,12007.083333333334,14073.42857142857
CSC13-3,103.3630472,28.35803056,10.0203332901001,8.8439998626709,33.5610198974609,623.609924316406,22.2439994812012,-4.10799980163574,26.3519992828369,17.3360004425049,1.8253333568573,17.3360004425049,1.8253333568573,903,164,12,83.0544891357422,486,37,486,37,159,13,5.90000009536743,9,1.33000004291534,2.0839999516805037,1.0825666735569632,12007.083333333334,14073.42857142857
CSC13-4,103.3630472,28.35803056,10.0203332901001,8.8439998626709,33.5610198974609,623.609924316406,22.2439994812012,-4.10799980163574,26.3519992828369,17.3360004425049,1.8253333568573,17.3360004425049,1.8253333568573,903,164,12,83.0544891357422,486,37,486,37,159,13,5.90000009536743,9,1.33000004291534,2.0839999516805037,1.0825666735569632,12007.083333333334,14073.42857142857
CSC13-5,103.3630472,28.35803056,10.0203332901001,8.8439998626709,33.5610198974609,623.609924316406,22.2439994812012,-4.10799980163574,26.3519992828369,17.3360004425049,1.8253333568573,17.3360004425049,1.8253333568573,903,164,12,83.0544891357422,486,37,486,37,159,13,5.90000009536743,9,1.33000004291534,2.0839999516805037,1.0825666735569632,12007.083333333334,14073.42857142857
CSC13-6,103.3630472,28.35803056,10.0203332901001,8.8439998626709,33.5610198974609,623.609924316406,22.2439994812012,-4.10799980163574,26.3519992828369,17.3360004425049,1.8253333568573,17.3360004425049,1.8253333568573,903,164,12,83.0544891357422,486,37,486,37,159,13,5.90000009536743,9,1.33000004291534,2.0839999516805037,1.0825666735569632,12007.083333333334,14073.42857142857
CSC12-1,103.3630472,28.35803056,10.0203332901001,8.8439998626709,33.5610198974609,623.609924316406,22.2439994812012,-4.10799980163574,26.3519992828369,17.3360004425049,1.8253333568573,17.3360004425049,1.8253333568573,903,164,12,83.0544891357422,486,37,486,37,159,13,5.90000009536743,9,1.33000004291534,2.0839999516805037,1.0825666735569632,12007.083333333334,14073.42857142857
CSC12-2,103.3630472,28.35803056,10.0203332901001,8.8439998626709,33.5610198974609,623.609924316406,22.2439994812012,-4.10799980163574,26.3519992828369,17.3360004425049,1.8253333568573,17.3360004425049,1.8253333568573,903,164,12,83.0544891357422,486,37,486,37,159,13,5.90000009536743,9,1.33000004291534,2.0839999516805037,1.0825666735569632,12007.083333333334,14073.42857142857
CZ40,98.83058612,28.47025116,10.3266668319702,10.8793334960938,41.9921760559082,575.861938476562,21.7040004730225,-4.2039999961853,25.9080009460449,16.9646663665771,4.11933326721191,16.9646663665771,2.95466661453247,901,183,8,77.7507400512695,471,34,471,47,165,15,8.0,39,1.01999998092651,1.9760000308354702,0.8620666662851965,14682.25,15578.57142857143
CZ41,98.83058612,28.47025116,10.3266668319702,10.8793334960938,41.9921760559082,575.861938476562,21.7040004730225,-4.2039999961853,25.9080009460449,16.9646663665771,4.11933326721191,16.9646663665771,2.95466661453247,901,183,8,77.7507400512695,471,34,471,47,165,15,8.0,39,1.01999998092651,1.9760000308354702,0.8620666662851965,14682.25,15578.57142857143
CZ42,98.83058612,28.47025116,10.3266668319702,10.8793334960938,41.9921760559082,575.861938476562,21.7040004730225,-4.2039999961853,25.9080009460449,16.9646663665771,4.11933326721191,16.9646663665771,2.95466661453247,901,183,8,77.7507400512695,471,34,471,47,165,15,8.0,39,1.01999998092651,1.9760000308354702,0.8620666662851965,14682.25,15578.57142857143
HH9-1,98.85,28.48333333,5.64516687393188,10.701000213623,41.7420806884766,578.132141113281,17.2040004730225,-8.43200016021729,25.6360015869141,12.4320001602173,-0.34933340549469,12.4320001602173,-1.58400011062622,674,132,8,69.7112884521484,326,35,326,38,159,13,5.90000009536743,9,1.33000004291534,2.6973332564036068,0.6391666680574416,14429.25,15526.57142857143
HH49,98.85,28.48333333,5.64516687393188,10.701000213623,41.7420806884766,578.132141113281,17.2040004730225,-8.43200016021729,25.6360015869141,12.4320001602173,-0.34933340549469,12.4320001602173,-1.58400011062622,674,132,8,69.7112884521484,326,35,326,38,159,13,5.90000009536743,9,1.33000004291534,2.6973332564036068,0.6391666680574416,14429.25,15526.57142857143
HH50,98.85,28.48333333,5.64516687393188,10.701000213623,41.7420806884766,578.132141113281,17.2040004730225,-8.43200016021729,25.6360015869141,12.4320001602173,-0.34933340549469,12.4320001602173,-1.58400011062622,674,132,8,69.7112884521484,326,35,326,38,159,13,5.90000009536743,9,1.33000004291534,2.6973332564036068,0.6391666680574416,14429.25,15526.57142857143
CCH00,98.85,28.48333333,5.64516687393188,10.701000213623,41.7420806884766,578.132141113281,17.2040004730225,-8.43200016021729,25.6360015869141,12.4320001602173,-0.34933340549469,12.4320001602173,-1.58400011062622,674,132,8,69.7112884521484,326,35,326,38,159,13,5.90000009536743,9,1.33000004291534,2.6973332564036068,0.6391666680574416,14429.25,15526.57142857143
CSC11-1,103.0441014,28.78690596,8.2993335723877,8.79666614532471,34.4805068969727,603.337280273438,20.0559997558594,-5.45599985122681,25.511999130249,15.4226665496826,0.436666697263718,15.4226665496826,0.436666697263718,936,177,10,86.1419219970703,509,31,509,31,144,18,5.19999980926514,6,2.3199999332428,2.3333333333333335,0.9828666845957441,12043.083333333334,14028.285714285714
CSC11-2,103.0441014,28.78690596,8.2993335723877,8.79666614532471,34.4805068969727,603.337280273438,20.0559997558594,-5.45599985122681,25.511999130249,15.4226665496826,0.436666697263718,15.4226665496826,0.436666697263718,936,177,10,86.1419219970703,509,31,509,31,144,18,5.19999980926514,6,2.3199999332428,2.3333333333333335,0.9828666845957441,12043.083333333334,14028.285714285714
CSC10-5,103.0441014,28.78690596,8.2993335723877,8.79666614532471,34.4805068969727,603.337280273438,20.0559997558594,-5.45599985122681,25.511999130249,15.4226665496826,0.436666697263718,15.4226665496826,0.436666697263718,936,177,10,86.1419219970703,509,31,509,31,144,18,5.19999980926514,6,2.3199999332428,2.3333333333333335,0.9828666845957441,12043.083333333334,14028.285714285714
CSC10-3,103.0451649,28.79354194,8.41216659545898,8.94899940490723,34.7939338684082,605.014221191406,20.2040004730225,-5.51599979400635,25.7200012207031,15.561333656311,0.520000040531158,15.561333656311,0.520000040531158,935,177,10,86.0472564697266,508,31,508,31,159,13,5.90000009536743,9,1.33000004291534,2.3186666170756,0.9874666705727572,12018.333333333334,14028.42857142857
CSC10-4,103.0451649,28.79354194,8.41216659545898,8.94899940490723,34.7939338684082,605.014221191406,20.2040004730225,-5.51599979400635,25.7200012207031,15.561333656311,0.520000040531158,15.561333656311,0.520000040531158,935,177,10,86.0472564697266,508,31,508,31,159,13,5.90000009536743,9,1.33000004291534,2.3186666170756,0.9874666705727572,12018.333333333334,14028.42857142857
CSC10-1,103.0451649,28.79354194,8.41216659545898,8.94899940490723,34.7939338684082,605.014221191406,20.2040004730225,-5.51599979400635,25.7200012207031,15.561333656311,0.520000040531158,15.561333656311,0.520000040531158,935,177,10,86.0472564697266,508,31,508,31,159,13,5.90000009536743,9,1.33000004291534,2.3186666170756,0.9874666705727572,12018.333333333334,14028.42857142857
CSC9-1,103.0451649,28.79354194,8.41216659545898,8.94899940490723,34.7939338684082,605.014221191406,20.2040004730225,-5.51599979400635,25.7200012207031,15.561333656311,0.520000040531158,15.561333656311,0.520000040531158,935,177,10,86.0472564697266,508,31,508,31,159,13,5.90000009536743,9,1.33000004291534,2.3186666170756,0.9874666705727572,12018.333333333334,14028.42857142857
HH142,109.2579,28.82571389,16.5808334350586,7.65633296966553,25.9995021820068,792.980712890625,31.5,2.05200004577637,29.4479999542236,24.0573329925537,6.56933355331421,26.0726661682129,6.56933355331421,1379,236,27,60.2720909118652,620,94,556,94,163,11,5.30000019073486,5,1.53999996185303,1.5746666987737032,1.5439333468675625,12718.666666666666,15758.857142857143
HH144,109.2579,28.82571389,16.5808334350586,7.65633296966553,25.9995021820068,792.980712890625,31.5,2.05200004577637,29.4479999542236,24.0573329925537,6.56933355331421,26.0726661682129,6.56933355331421,1379,236,27,60.2720909118652,620,94,556,94,163,11,5.30000019073486,5,1.53999996185303,1.5746666987737032,1.5439333468675625,12718.666666666666,15758.857142857143
HH143,109.2579,28.82571389,16.5808334350586,7.65633296966553,25.9995021820068,792.980712890625,31.5,2.05200004577637,29.4479999542236,24.0573329925537,6.56933355331421,26.0726661682129,6.56933355331421,1379,236,27,60.2720909118652,620,94,556,94,163,11,5.30000019073486,5,1.53999996185303,1.5746666987737032,1.5439333468675625,12718.666666666666,15758.857142857143
HH145,109.2579,28.82571389,16.5808334350586,7.65633296966553,25.9995021820068,792.980712890625,31.5,2.05200004577637,29.4479999542236,24.0573329925537,6.56933355331421,26.0726661682129,6.56933355331421,1379,236,27,60.2720909118652,620,94,556,94,163,11,5.30000019073486,5,1.53999996185303,1.5746666987737032,1.5439333468675625,12718.666666666666,15758.857142857143
CCQ1-2,107.2885758,28.92299051,12.4278335571289,6.52499961853027,24.2565040588379,739.700378417969,26.1599998474121,-0.740000009536743,26.8999996185303,19.4500007629395,2.91466665267944,21.2426662445068,2.91466665267944,1245,191,23,61.2821655273438,541,74,516,74,144,18,5.19999980926514,6,2.3199999332428,2.27999997138977,1.2777666648228965,12056.333333333334,14922.857142857143
CCQ1-3,107.2885758,28.92299051,12.4278335571289,6.52499961853027,24.2565040588379,739.700378417969,26.1599998474121,-0.740000009536743,26.8999996185303,19.4500007629395,2.91466665267944,21.2426662445068,2.91466665267944,1245,191,23,61.2821655273438,541,74,516,74,144,18,5.19999980926514,6,2.3199999332428,2.27999997138977,1.2777666648228965,12056.333333333334,14922.857142857143
CCQ1-4,107.2885758,28.92299051,12.4278335571289,6.52499961853027,24.2565040588379,739.700378417969,26.1599998474121,-0.740000009536743,26.8999996185303,19.4500007629395,2.91466665267944,21.2426662445068,2.91466665267944,1245,191,23,61.2821655273438,541,74,516,74,144,18,5.19999980926514,6,2.3199999332428,2.27999997138977,1.2777666648228965,12056.333333333334,14922.857142857143
CCQ1-1,107.2885758,28.92299051,12.4278335571289,6.52499961853027,24.2565040588379,739.700378417969,26.1599998474121,-0.740000009536743,26.8999996185303,19.4500007629395,2.91466665267944,21.2426662445068,2.91466665267944,1245,191,23,61.2821655273438,541,74,516,74,144,18,5.19999980926514,6,2.3199999332428,2.27999997138977,1.2777666648228965,12056.333333333334,14922.857142857143
HH150,109.2800194,28.93712778,13.1529998779297,7.34866666793823,25.9120826721191,766.251586914062,27.2240009307861,-1.1360000371933,28.3600006103516,20.4153327941895,3.45866656303406,22.3239994049072,3.45866656303406,1462,236,30,58.4820556640625,638,102,585,102,159,13,5.90000009536743,9,1.33000004291534,2.0306666294733664,1.2866666664679844,12521.083333333334,15465.142857142857
HH146,109.2800194,28.93712778,13.1529998779297,7.34866666793823,25.9120826721191,766.251586914062,27.2240009307861,-1.1360000371933,28.3600006103516,20.4153327941895,3.45866656303406,22.3239994049072,3.45866656303406,1462,236,30,58.4820556640625,638,102,585,102,159,13,5.90000009536743,9,1.33000004291534,2.0306666294733664,1.2866666664679844,12521.083333333334,15465.142857142857
HH147,109.2800194,28.93712778,13.1529998779297,7.34866666793823,25.9120826721191,766.251586914062,27.2240009307861,-1.1360000371933,28.3600006103516,20.4153327941895,3.45866656303406,22.3239994049072,3.45866656303406,1462,236,30,58.4820556640625,638,102,585,102,159,13,5.90000009536743,9,1.33000004291534,2.0306666294733664,1.2866666664679844,12521.083333333334,15465.142857142857
HH148,109.2800194,28.93712778,13.1529998779297,7.34866666793823,25.9120826721191,766.251586914062,27.2240009307861,-1.1360000371933,28.3600006103516,20.4153327941895,3.45866656303406,22.3239994049072,3.45866656303406,1462,236,30,58.4820556640625,638,102,585,102,159,13,5.90000009536743,9,1.33000004291534,2.0306666294733664,1.2866666664679844,12521.083333333334,15465.142857142857
HH149,109.2800194,28.93712778,13.1529998779297,7.34866666793823,25.9120826721191,766.251586914062,27.2240009307861,-1.1360000371933,28.3600006103516,20.4153327941895,3.45866656303406,22.3239994049072,3.45866656303406,1462,236,30,58.4820556640625,638,102,585,102,159,13,5.90000009536743,9,1.33000004291534,2.0306666294733664,1.2866666664679844,12521.083333333334,15465.142857142857
CGZ2-1,107.5678235,29.0749859,12.8994998931885,6.80699968338013,24.9121646881104,744.971252441406,26.8999996185303,-0.42399999499321,27.3239994049072,19.9486656188965,3.38733339309692,21.8266658782959,3.38733339309692,1274,194,23,60.7553329467773,550,75,519,75,163,11,5.30000019073486,5,1.53999996185303,2.1973333358764635,1.2937000195185344,12131.25,15022.42857142857
CGZ2-2,107.5678235,29.0749859,12.8994998931885,6.80699968338013,24.9121646881104,744.971252441406,26.8999996185303,-0.42399999499321,27.3239994049072,19.9486656188965,3.38733339309692,21.8266658782959,3.38733339309692,1274,194,23,60.7553329467773,550,75,519,75,163,11,5.30000019073486,5,1.53999996185303,2.1973333358764635,1.2937000195185344,12131.25,15022.42857142857
CGZ2-3,107.5678235,29.0749859,12.8994998931885,6.80699968338013,24.9121646881104,744.971252441406,26.8999996185303,-0.42399999499321,27.3239994049072,19.9486656188965,3.38733339309692,21.8266658782959,3.38733339309692,1274,194,23,60.7553329467773,550,75,519,75,163,11,5.30000019073486,5,1.53999996185303,2.1973333358764635,1.2937000195185344,12131.25,15022.42857142857
CGZ3-8,107.5678235,29.0749859,12.8994998931885,6.80699968338013,24.9121646881104,744.971252441406,26.8999996185303,-0.42399999499321,27.3239994049072,19.9486656188965,3.38733339309692,21.8266658782959,3.38733339309692,1274,194,23,60.7553329467773,550,75,519,75,163,11,5.30000019073486,5,1.53999996185303,2.1973333358764635,1.2937000195185344,12131.25,15022.42857142857
CGZ3-7,107.5678235,29.0749859,12.8994998931885,6.80699968338013,24.9121646881104,744.971252441406,26.8999996185303,-0.42399999499321,27.3239994049072,19.9486656188965,3.38733339309692,21.8266658782959,3.38733339309692,1274,194,23,60.7553329467773,550,75,519,75,163,11,5.30000019073486,5,1.53999996185303,2.1973333358764635,1.2937000195185344,12131.25,15022.42857142857
CGZ3-6,107.5678235,29.0749859,12.8994998931885,6.80699968338013,24.9121646881104,744.971252441406,26.8999996185303,-0.42399999499321,27.3239994049072,19.9486656188965,3.38733339309692,21.8266658782959,3.38733339309692,1274,194,23,60.7553329467773,550,75,519,75,163,11,5.30000019073486,5,1.53999996185303,2.1973333358764635,1.2937000195185344,12131.25,15022.42857142857
CGZ3-1,107.5847542,29.10946492,12.9648332595825,6.78033351898193,24.7493572235107,748.057922363281,27.007999420166,-0.388000011444092,27.3959999084473,20.0406665802002,3.40133333206177,21.9160003662109,3.40133333206177,1272,194,22,60.8984451293945,550,74,517,74,41,18,6.5,16,1.49000000953674,2.1653333504994734,1.3149666686852766,12163.583333333334,15062.0
CGZ3-2,107.5847542,29.10946492,12.9648332595825,6.78033351898193,24.7493572235107,748.057922363281,27.007999420166,-0.388000011444092,27.3959999084473,20.0406665802002,3.40133333206177,21.9160003662109,3.40133333206177,1272,194,22,60.8984451293945,550,74,517,74,41,18,6.5,16,1.49000000953674,2.1653333504994734,1.3149666686852766,12163.583333333334,15062.0
CGZ3-3,107.5847542,29.10946492,12.9648332595825,6.78033351898193,24.7493572235107,748.057922363281,27.007999420166,-0.388000011444092,27.3959999084473,20.0406665802002,3.40133333206177,21.9160003662109,3.40133333206177,1272,194,22,60.8984451293945,550,74,517,74,41,18,6.5,16,1.49000000953674,2.1653333504994734,1.3149666686852766,12163.583333333334,15062.0
CGZ3-4,107.5842594,29.11041761,12.9648332595825,6.78033351898193,24.7493572235107,748.057922363281,27.007999420166,-0.388000011444092,27.3959999084473,20.0406665802002,3.40133333206177,21.9160003662109,3.40133333206177,1272,194,22,60.8984451293945,550,74,517,74,41,18,6.5,16,1.49000000953674,2.1653333504994734,1.3149666686852766,12163.583333333334,15062.0
CGZ3-5,107.5842594,29.11041761,12.9648332595825,6.78033351898193,24.7493572235107,748.057922363281,27.007999420166,-0.388000011444092,27.3959999084473,20.0406665802002,3.40133333206177,21.9160003662109,3.40133333206177,1272,194,22,60.8984451293945,550,74,517,74,41,18,6.5,16,1.49000000953674,2.1653333504994734,1.3149666686852766,12163.583333333334,15062.0
HH54,109.1686111,29.49027778,15.3719997406006,7.39599990844727,25.7413330078125,778.077941894531,29.7880001068115,1.05599999427795,28.7320003509521,22.7186660766602,5.50333309173584,24.6753330230713,5.50333309173584,1436,233,24,61.2835311889648,640,86,594,86,159,13,5.90000009536743,9,1.33000004291534,1.6973333756128934,1.427833318710327,12650.25,15649.142857142857
HH55,109.1686111,29.49027778,15.3719997406006,7.39599990844727,25.7413330078125,778.077941894531,29.7880001068115,1.05599999427795,28.7320003509521,22.7186660766602,5.50333309173584,24.6753330230713,5.50333309173584,1436,233,24,61.2835311889648,640,86,594,86,159,13,5.90000009536743,9,1.33000004291534,1.6973333756128934,1.427833318710327,12650.25,15649.142857142857
HH56,109.1686111,29.49027778,15.3719997406006,7.39599990844727,25.7413330078125,778.077941894531,29.7880001068115,1.05599999427795,28.7320003509521,22.7186660766602,5.50333309173584,24.6753330230713,5.50333309173584,1436,233,24,61.2835311889648,640,86,594,86,159,13,5.90000009536743,9,1.33000004291534,1.6973333756128934,1.427833318710327,12650.25,15649.142857142857
HH152,109.841825,29.69675833,14.4425001144409,7.53966665267944,25.9701919555664,782.773010253906,28.9120006561279,-0.119999997317791,29.0320014953613,21.8413333892822,4.52466678619385,23.8166675567627,4.52466678619385,1467,235,27,60.5113105773926,653,95,620,95,41,18,6.5,16,1.49000000953674,1.8026666243871068,1.3620000034570694,12867.166666666666,15841.285714285714
HH153,109.841825,29.69675833,14.4425001144409,7.53966665267944,25.9701919555664,782.773010253906,28.9120006561279,-0.119999997317791,29.0320014953613,21.8413333892822,4.52466678619385,23.8166675567627,4.52466678619385,1467,235,27,60.5113105773926,653,95,620,95,41,18,6.5,16,1.49000000953674,1.8026666243871068,1.3620000034570694,12867.166666666666,15841.285714285714
HH154,109.841825,29.69675833,14.4425001144409,7.53966665267944,25.9701919555664,782.773010253906,28.9120006561279,-0.119999997317791,29.0320014953613,21.8413333892822,4.52466678619385,23.8166675567627,4.52466678619385,1467,235,27,60.5113105773926,653,95,620,95,41,18,6.5,16,1.49000000953674,1.8026666243871068,1.3620000034570694,12867.166666666666,15841.285714285714
HH155,109.841825,29.69675833,14.4425001144409,7.53966665267944,25.9701919555664,782.773010253906,28.9120006561279,-0.119999997317791,29.0320014953613,21.8413333892822,4.52466678619385,23.8166675567627,4.52466678619385,1467,235,27,60.5113105773926,653,95,620,95,41,18,6.5,16,1.49000000953674,1.8026666243871068,1.3620000034570694,12867.166666666666,15841.285714285714
HY7,110.0566667,29.75833333,11.7468338012695,7.19166660308838,25.3192043304443,772.360595703125,25.7759990692139,-2.62800002098083,28.4039993286133,19.1059989929199,1.98066663742065,21.0366668701172,1.98066663742065,1510,231,31,58.1209182739258,651,106,627,106,41,18,6.5,16,1.49000000953674,2.1613332430521637,1.186633331080279,12762.916666666666,15670.0
HY8,110.0566667,29.75833333,11.7468338012695,7.19166660308838,25.3192043304443,772.360595703125,25.7759990692139,-2.62800002098083,28.4039993286133,19.1059989929199,1.98066663742065,21.0366668701172,1.98066663742065,1510,231,31,58.1209182739258,651,106,627,106,41,18,6.5,16,1.49000000953674,2.1613332430521637,1.186633331080279,12762.916666666666,15670.0
CZ28,110.0566667,29.75833333,11.7468338012695,7.19166660308838,25.3192043304443,772.360595703125,25.7759990692139,-2.62800002098083,28.4039993286133,19.1059989929199,1.98066663742065,21.0366668701172,1.98066663742065,1510,231,31,58.1209182739258,651,106,627,106,41,18,6.5,16,1.49000000953674,2.1613332430521637,1.186633331080279,12762.916666666666,15670.0
HY6,110.0893708,29.78169134,12.1415004730225,7.30499982833862,25.5705680847168,774.39404296875,26.2040004730225,-2.36400008201599,28.568000793457,19.5100002288818,2.33599996566772,21.4420013427734,2.33599996566772,1502,231,30,58.467113494873,651,104,627,104,159,13,5.90000009536743,9,1.33000004291534,2.0919999281565334,1.216233340402445,12795.916666666666,15710.0
CZ26,110.0893708,29.78169134,12.1415004730225,7.30499982833862,25.5705680847168,774.39404296875,26.2040004730225,-2.36400008201599,28.568000793457,19.5100002288818,2.33599996566772,21.4420013427734,2.33599996566772,1502,231,30,58.467113494873,651,104,627,104,159,13,5.90000009536743,9,1.33000004291534,2.0919999281565334,1.216233340402445,12795.916666666666,15710.0
CZ27,110.0893708,29.78169134,12.1415004730225,7.30499982833862,25.5705680847168,774.39404296875,26.2040004730225,-2.36400008201599,28.568000793457,19.5100002288818,2.33599996566772,21.4420013427734,2.33599996566772,1502,231,30,58.467113494873,651,104,627,104,159,13,5.90000009536743,9,1.33000004291534,2.0919999281565334,1.216233340402445,12795.916666666666,15710.0
HH15,110.3333333,30.05,10.5425004959106,7.82766675949097,27.1907272338867,766.377014160156,24.5799999237061,-4.20800018310547,28.7880001068115,17.8773326873779,0.869999945163727,19.7973327636719,0.869999945163727,1489,219,30,58.1456031799316,634,102,621,102,159,13,5.90000009536743,9,1.33000004291534,2.4306666056315103,1.1042666609088576,12879.166666666666,15763.142857142857
HH16,110.3333333,30.05,10.5425004959106,7.82766675949097,27.1907272338867,766.377014160156,24.5799999237061,-4.20800018310547,28.7880001068115,17.8773326873779,0.869999945163727,19.7973327636719,0.869999945163727,1489,219,30,58.1456031799316,634,102,621,102,159,13,5.90000009536743,9,1.33000004291534,2.4306666056315103,1.1042666609088576,12879.166666666666,15763.142857142857
HH17,110.3333333,30.05,10.5425004959106,7.82766675949097,27.1907272338867,766.377014160156,24.5799999237061,-4.20800018310547,28.7880001068115,17.8773326873779,0.869999945163727,19.7973327636719,0.869999945163727,1489,219,30,58.1456031799316,634,102,621,102,159,13,5.90000009536743,9,1.33000004291534,2.4306666056315103,1.1042666609088576,12879.166666666666,15763.142857142857
HH18,110.3333333,30.05,10.5425004959106,7.82766675949097,27.1907272338867,766.377014160156,24.5799999237061,-4.20800018310547,28.7880001068115,17.8773326873779,0.869999945163727,19.7973327636719,0.869999945163727,1489,219,30,58.1456031799316,634,102,621,102,159,13,5.90000009536743,9,1.33000004291534,2.4306666056315103,1.1042666609088576,12879.166666666666,15763.142857142857
CZ18,110.3333333,30.05,10.5425004959106,7.82766675949097,27.1907272338867,766.377014160156,24.5799999237061,-4.20800018310547,28.7880001068115,17.8773326873779,0.869999945163727,19.7973327636719,0.869999945163727,1489,219,30,58.1456031799316,634,102,621,102,159,13,5.90000009536743,9,1.33000004291534,2.4306666056315103,1.1042666609088576,12879.166666666666,15763.142857142857
CZ19,110.3333333,30.05,10.5425004959106,7.82766675949097,27.1907272338867,766.377014160156,24.5799999237061,-4.20800018310547,28.7880001068115,17.8773326873779,0.869999945163727,19.7973327636719,0.869999945163727,1489,219,30,58.1456031799316,634,102,621,102,159,13,5.90000009536743,9,1.33000004291534,2.4306666056315103,1.1042666609088576,12879.166666666666,15763.142857142857
HH58,110.3333333,30.05,10.5425004959106,7.82766675949097,27.1907272338867,766.377014160156,24.5799999237061,-4.20800018310547,28.7880001068115,17.8773326873779,0.869999945163727,19.7973327636719,0.869999945163727,1489,219,30,58.1456031799316,634,102,621,102,159,13,5.90000009536743,9,1.33000004291534,2.4306666056315103,1.1042666609088576,12879.166666666666,15763.142857142857
HH59,110.3333333,30.05,10.5425004959106,7.82766675949097,27.1907272338867,766.377014160156,24.5799999237061,-4.20800018310547,28.7880001068115,17.8773326873779,0.869999945163727,19.7973327636719,0.869999945163727,1489,219,30,58.1456031799316,634,102,621,102,159,13,5.90000009536743,9,1.33000004291534,2.4306666056315103,1.1042666609088576,12879.166666666666,15763.142857142857
HH93,108.85,30.11666667,12.3383331298828,7.21066665649414,25.6607341766357,762.838928222656,26.4680004119873,-1.63199996948242,28.1000003814697,19.568000793457,2.64266657829285,21.4846668243408,2.64266657829285,1424,207,25,59.8692016601562,604,85,576,85,159,13,5.90000009536743,9,1.33000004291534,2.0079999764760332,1.2370999902486821,12429.583333333334,15384.57142857143
HH95,108.85,30.11666667,12.3383331298828,7.21066665649414,25.6607341766357,762.838928222656,26.4680004119873,-1.63199996948242,28.1000003814697,19.568000793457,2.64266657829285,21.4846668243408,2.64266657829285,1424,207,25,59.8692016601562,604,85,576,85,159,13,5.90000009536743,9,1.33000004291534,2.0079999764760332,1.2370999902486821,12429.583333333334,15384.57142857143
HH96,108.85,30.11666667,12.3383331298828,7.21066665649414,25.6607341766357,762.838928222656,26.4680004119873,-1.63199996948242,28.1000003814697,19.568000793457,2.64266657829285,21.4846668243408,2.64266657829285,1424,207,25,59.8692016601562,604,85,576,85,159,13,5.90000009536743,9,1.33000004291534,2.0079999764760332,1.2370999902486821,12429.583333333334,15384.57142857143
HH97,108.85,30.11666667,12.3383331298828,7.21066665649414,25.6607341766357,762.838928222656,26.4680004119873,-1.63199996948242,28.1000003814697,19.568000793457,2.64266657829285,21.4846668243408,2.64266657829285,1424,207,25,59.8692016601562,604,85,576,85,159,13,5.90000009536743,9,1.33000004291534,2.0079999764760332,1.2370999902486821,12429.583333333334,15384.57142857143
SRR26815598,117.534502,30.322864,14.4073333740234,7.21466636657715,24.0617218017578,844.522399902344,29.0799999237061,-0.903999984264374,29.9839992523193,18.4473323822021,5.6453332901001,24.5279998779297,3.7739999294281,1664,301,36,54.7247123718262,700,154,645,167,41,13,5.90000009536743,9,1.33000004291534,2.9680000146230032,1.4963333209355667,14781.666666666666,17713.571428571428
SRR26815600,117.534502,30.322864,14.4073333740234,7.21466636657715,24.0617218017578,844.522399902344,29.0799999237061,-0.903999984264374,29.9839992523193,18.4473323822021,5.6453332901001,24.5279998779297,3.7739999294281,1664,301,36,54.7247123718262,700,154,645,167,41,13,5.90000009536743,9,1.33000004291534,2.9680000146230032,1.4963333209355667,14781.666666666666,17713.571428571428
SRR26815619,117.534502,30.322864,14.4073333740234,7.21466636657715,24.0617218017578,844.522399902344,29.0799999237061,-0.903999984264374,29.9839992523193,18.4473323822021,5.6453332901001,24.5279998779297,3.7739999294281,1664,301,36,54.7247123718262,700,154,645,167,41,13,5.90000009536743,9,1.33000004291534,2.9680000146230032,1.4963333209355667,14781.666666666666,17713.571428571428
SRR26815620,117.534502,30.322864,14.4073333740234,7.21466636657715,24.0617218017578,844.522399902344,29.0799999237061,-0.903999984264374,29.9839992523193,18.4473323822021,5.6453332901001,24.5279998779297,3.7739999294281,1664,301,36,54.7247123718262,700,154,645,167,41,13,5.90000009536743,9,1.33000004291534,2.9680000146230032,1.4963333209355667,14781.666666666666,17713.571428571428
CHB1-1,108.9628067,30.32624182,12.8666667938232,7.51133346557617,26.2854614257812,766.929565429688,27.2719993591309,-1.30400002002716,28.576000213623,20.1246662139893,3.1266667842865,22.0793342590332,3.1266667842865,1414,211,25,60.5038223266602,602,83,576,83,159,13,5.90000009536743,9,1.33000004291534,1.96933325131734,1.2554666548967368,12538.666666666666,15519.0
CHB1-2,108.9628067,30.32624182,12.8666667938232,7.51133346557617,26.2854614257812,766.929565429688,27.2719993591309,-1.30400002002716,28.576000213623,20.1246662139893,3.1266667842865,22.0793342590332,3.1266667842865,1414,211,25,60.5038223266602,602,83,576,83,159,13,5.90000009536743,9,1.33000004291534,1.96933325131734,1.2554666548967368,12538.666666666666,15519.0
CHB1-3,108.9628067,30.32624182,12.8666667938232,7.51133346557617,26.2854614257812,766.929565429688,27.2719993591309,-1.30400002002716,28.576000213623,20.1246662139893,3.1266667842865,22.0793342590332,3.1266667842865,1414,211,25,60.5038223266602,602,83,576,83,159,13,5.90000009536743,9,1.33000004291534,1.96933325131734,1.2554666548967368,12538.666666666666,15519.0
CHB1-4,108.9628067,30.32624182,12.8666667938232,7.51133346557617,26.2854614257812,766.929565429688,27.2719993591309,-1.30400002002716,28.576000213623,20.1246662139893,3.1266667842865,22.0793342590332,3.1266667842865,1414,211,25,60.5038223266602,602,83,576,83,159,13,5.90000009536743,9,1.33000004291534,1.96933325131734,1.2554666548967368,12538.666666666666,15519.0
CHB1-5,108.9628067,30.32624182,12.8666667938232,7.51133346557617,26.2854614257812,766.929565429688,27.2719993591309,-1.30400002002716,28.576000213623,20.1246662139893,3.1266667842865,22.0793342590332,3.1266667842865,1414,211,25,60.5038223266602,602,83,576,83,159,13,5.90000009536743,9,1.33000004291534,1.96933325131734,1.2554666548967368,12538.666666666666,15519.0
HH140,110.9593306,31.09661111,11.3751668930054,8.15033340454102,27.3097877502441,795.067260742188,25.8719997406006,-3.97199988365173,29.8439998626709,20.9993324279785,1.3053332567215,20.9993324279785,1.3053332567215,1260,209,22,61.8129081726074,549,76,549,76,159,13,5.90000009536743,9,1.33000004291534,2.6893333594004303,1.1446666643023498,13405.166666666666,16283.714285714286
HH138,110.9593306,31.09661111,11.3751668930054,8.15033340454102,27.3097877502441,795.067260742188,25.8719997406006,-3.97199988365173,29.8439998626709,20.9993324279785,1.3053332567215,20.9993324279785,1.3053332567215,1260,209,22,61.8129081726074,549,76,549,76,159,13,5.90000009536743,9,1.33000004291534,2.6893333594004303,1.1446666643023498,13405.166666666666,16283.714285714286
HH139,110.9593306,31.09661111,11.3751668930054,8.15033340454102,27.3097877502441,795.067260742188,25.8719997406006,-3.97199988365173,29.8439998626709,20.9993324279785,1.3053332567215,20.9993324279785,1.3053332567215,1260,209,22,61.8129081726074,549,76,549,76,159,13,5.90000009536743,9,1.33000004291534,2.6893333594004303,1.1446666643023498,13405.166666666666,16283.714285714286
HH141,110.9593306,31.09661111,11.3751668930054,8.15033340454102,27.3097877502441,795.067260742188,25.8719997406006,-3.97199988365173,29.8439998626709,20.9993324279785,1.3053332567215,20.9993324279785,1.3053332567215,1260,209,22,61.8129081726074,549,76,549,76,159,13,5.90000009536743,9,1.33000004291534,2.6893333594004303,1.1446666643023498,13405.166666666666,16283.714285714286
HH136,110.9569194,31.11121389,11.1975002288818,8.01033306121826,26.970817565918,794.565612792969,25.6639995574951,-4.03599977493286,29.6999988555908,20.8146667480469,1.1360000371933,20.8146667480469,1.1360000371933,1264,208,22,61.7551231384277,549,76,549,76,159,13,5.90000009536743,9,1.33000004291534,2.7079999446868865,1.1344999969005591,13396.833333333334,16285.57142857143
HH137,110.9569194,31.11121389,11.1975002288818,8.01033306121826,26.970817565918,794.565612792969,25.6639995574951,-4.03599977493286,29.6999988555908,20.8146667480469,1.1360000371933,20.8146667480469,1.1360000371933,1264,208,22,61.7551231384277,549,76,549,76,159,13,5.90000009536743,9,1.33000004291534,2.7079999446868865,1.1344999969005591,13396.833333333334,16285.57142857143
HH134,110.9569194,31.11121389,11.1975002288818,8.01033306121826,26.970817565918,794.565612792969,25.6639995574951,-4.03599977493286,29.6999988555908,20.8146667480469,1.1360000371933,20.8146667480469,1.1360000371933,1264,208,22,61.7551231384277,549,76,549,76,159,13,5.90000009536743,9,1.33000004291534,2.7079999446868865,1.1344999969005591,13396.833333333334,16285.57142857143
HH135,110.9569194,31.11121389,11.1975002288818,8.01033306121826,26.970817565918,794.565612792969,25.6639995574951,-4.03599977493286,29.6999988555908,20.8146667480469,1.1360000371933,20.8146667480469,1.1360000371933,1264,208,22,61.7551231384277,549,76,549,76,159,13,5.90000009536743,9,1.33000004291534,2.7079999446868865,1.1344999969005591,13396.833333333334,16285.57142857143
HH62,115.8611111,31.21722222,12.9973335266113,8.43000030517578,26.9225845336914,859.20849609375,28.0,-3.31200003623962,31.3120002746582,23.339334487915,2.10400009155273,23.339334487915,2.10400009155273,1460,230,30,56.6330337524414,642,129,642,129,159,13,5.90000009536743,9,1.33000004291534,2.98799999554952,1.3396666869521143,14430.75,17381.428571428572
HH63,115.8611111,31.21722222,12.9973335266113,8.43000030517578,26.9225845336914,859.20849609375,28.0,-3.31200003623962,31.3120002746582,23.339334487915,2.10400009155273,23.339334487915,2.10400009155273,1460,230,30,56.6330337524414,642,129,642,129,159,13,5.90000009536743,9,1.33000004291534,2.98799999554952,1.3396666869521143,14430.75,17381.428571428572
HH64,115.8611111,31.21722222,12.9973335266113,8.43000030517578,26.9225845336914,859.20849609375,28.0,-3.31200003623962,31.3120002746582,23.339334487915,2.10400009155273,23.339334487915,2.10400009155273,1460,230,30,56.6330337524414,642,129,642,129,159,13,5.90000009536743,9,1.33000004291534,2.98799999554952,1.3396666869521143,14430.75,17381.428571428572
HH11,103.5166667,31.46666667,7.89750003814697,10.5609998703003,36.3370475769043,654.218566894531,21.488000869751,-7.57600021362305,29.064001083374,15.6360006332397,-0.645333349704742,15.6360006332397,-0.645333349704742,776,128,6,76.6012954711914,363,25,363,25,165,15,8.0,39,1.01999998092651,2.2293333212534563,1.0121000011761982,11855.25,14243.285714285714
HH33,103.5166667,31.46666667,7.89750003814697,10.5609998703003,36.3370475769043,654.218566894531,21.488000869751,-7.57600021362305,29.064001083374,15.6360006332397,-0.645333349704742,15.6360006332397,-0.645333349704742,776,128,6,76.6012954711914,363,25,363,25,165,15,8.0,39,1.01999998092651,2.2293333212534563,1.0121000011761982,11855.25,14243.285714285714
CSC5-1,103.5166667,31.46666667,7.89750003814697,10.5609998703003,36.3370475769043,654.218566894531,21.488000869751,-7.57600021362305,29.064001083374,15.6360006332397,-0.645333349704742,15.6360006332397,-0.645333349704742,776,128,6,76.6012954711914,363,25,363,25,165,15,8.0,39,1.01999998092651,2.2293333212534563,1.0121000011761982,11855.25,14243.285714285714
CSC5-2,103.5166667,31.46666667,7.89750003814697,10.5609998703003,36.3370475769043,654.218566894531,21.488000869751,-7.57600021362305,29.064001083374,15.6360006332397,-0.645333349704742,15.6360006332397,-0.645333349704742,776,128,6,76.6012954711914,363,25,363,25,165,15,8.0,39,1.01999998092651,2.2293333212534563,1.0121000011761982,11855.25,14243.285714285714
HH125,109.1353028,31.97349722,9.18833351135254,8.16399955749512,27.6558265686035,784.084533691406,23.5920009613037,-5.92799997329712,29.5200004577637,17.8753337860107,-0.790666699409485,18.6406669616699,-0.790666699409485,1144,191,15,65.2657241821289,503,54,486,54,159,13,5.90000009536743,9,1.33000004291534,2.6826666196187303,0.9882333477338149,12961.666666666666,15832.714285714286
HH126,109.1353028,31.97349722,9.18833351135254,8.16399955749512,27.6558265686035,784.084533691406,23.5920009613037,-5.92799997329712,29.5200004577637,17.8753337860107,-0.790666699409485,18.6406669616699,-0.790666699409485,1144,191,15,65.2657241821289,503,54,486,54,159,13,5.90000009536743,9,1.33000004291534,2.6826666196187303,0.9882333477338149,12961.666666666666,15832.714285714286
HH127,109.1353028,31.97349722,9.18833351135254,8.16399955749512,27.6558265686035,784.084533691406,23.5920009613037,-5.92799997329712,29.5200004577637,17.8753337860107,-0.790666699409485,18.6406669616699,-0.790666699409485,1144,191,15,65.2657241821289,503,54,486,54,159,13,5.90000009536743,9,1.33000004291534,2.6826666196187303,0.9882333477338149,12961.666666666666,15832.714285714286
HH128,109.1353028,31.97349722,9.18833351135254,8.16399955749512,27.6558265686035,784.084533691406,23.5920009613037,-5.92799997329712,29.5200004577637,17.8753337860107,-0.790666699409485,18.6406669616699,-0.790666699409485,1144,191,15,65.2657241821289,503,54,486,54,159,13,5.90000009536743,9,1.33000004291534,2.6826666196187303,0.9882333477338149,12961.666666666666,15832.714285714286
CCQ3-1,108.8156972,32.00807778,8.74683380126953,8.09433364868164,27.6672592163086,775.714111328125,23.0319995880127,-6.22399997711182,29.2560005187988,17.3713340759277,-1.10533332824707,18.1233329772949,-1.10533332824707,1135,187,15,65.2021789550781,499,54,479,54,159,13,5.90000009536743,9,1.33000004291534,2.730666637420653,0.9712333207329119,12867.75,15753.857142857143
CCQ3-2,108.8156972,32.00807778,8.74683380126953,8.09433364868164,27.6672592163086,775.714111328125,23.0319995880127,-6.22399997711182,29.2560005187988,17.3713340759277,-1.10533332824707,18.1233329772949,-1.10533332824707,1135,187,15,65.2021789550781,499,54,479,54,159,13,5.90000009536743,9,1.33000004291534,2.730666637420653,0.9712333207329119,12867.75,15753.857142857143
HH129,108.8156972,32.00807778,8.74683380126953,8.09433364868164,27.6672592163086,775.714111328125,23.0319995880127,-6.22399997711182,29.2560005187988,17.3713340759277,-1.10533332824707,18.1233329772949,-1.10533332824707,1135,187,15,65.2021789550781,499,54,479,54,159,13,5.90000009536743,9,1.33000004291534,2.730666637420653,0.9712333207329119,12867.75,15753.857142857143
HH130,108.8156972,32.00807778,8.74683380126953,8.09433364868164,27.6672592163086,775.714111328125,23.0319995880127,-6.22399997711182,29.2560005187988,17.3713340759277,-1.10533332824707,18.1233329772949,-1.10533332824707,1135,187,15,65.2021789550781,499,54,479,54,159,13,5.90000009536743,9,1.33000004291534,2.730666637420653,0.9712333207329119,12867.75,15753.857142857143
HH131,108.8156972,32.00807778,8.74683380126953,8.09433364868164,27.6672592163086,775.714111328125,23.0319995880127,-6.22399997711182,29.2560005187988,17.3713340759277,-1.10533332824707,18.1233329772949,-1.10533332824707,1135,187,15,65.2021789550781,499,54,479,54,159,13,5.90000009536743,9,1.33000004291534,2.730666637420653,0.9712333207329119,12867.75,15753.857142857143
CSC4-6,103.9438083,32.0198325,8.79699993133545,9.68400001525879,33.5040130615234,692.180969238281,22.5359992980957,-6.36800003051758,28.9039993286133,16.2066669464111,-0.225999996066093,16.9619998931885,-0.225999996066093,804,146,7,78.1967849731445,395,27,392,27,144,18,5.19999980926514,6,2.3199999332428,2.1640000343322736,1.0949999963243797,11697.083333333334,14224.142857142857
CSC4-2,103.9438083,32.0198325,8.79699993133545,9.68400001525879,33.5040130615234,692.180969238281,22.5359992980957,-6.36800003051758,28.9039993286133,16.2066669464111,-0.225999996066093,16.9619998931885,-0.225999996066093,804,146,7,78.1967849731445,395,27,392,27,144,18,5.19999980926514,6,2.3199999332428,2.1640000343322736,1.0949999963243797,11697.083333333334,14224.142857142857
CSC4-1,103.9438083,32.0198325,8.79699993133545,9.68400001525879,33.5040130615234,692.180969238281,22.5359992980957,-6.36800003051758,28.9039993286133,16.2066669464111,-0.225999996066093,16.9619998931885,-0.225999996066093,804,146,7,78.1967849731445,395,27,392,27,144,18,5.19999980926514,6,2.3199999332428,2.1640000343322736,1.0949999963243797,11697.083333333334,14224.142857142857
CSC4-3,103.9438083,32.0198325,8.79699993133545,9.68400001525879,33.5040130615234,692.180969238281,22.5359992980957,-6.36800003051758,28.9039993286133,16.2066669464111,-0.225999996066093,16.9619998931885,-0.225999996066093,804,146,7,78.1967849731445,395,27,392,27,144,18,5.19999980926514,6,2.3199999332428,2.1640000343322736,1.0949999963243797,11697.083333333334,14224.142857142857
CSC4-5,103.9438083,32.0198325,8.79699993133545,9.68400001525879,33.5040130615234,692.180969238281,22.5359992980957,-6.36800003051758,28.9039993286133,16.2066669464111,-0.225999996066093,16.9619998931885,-0.225999996066093,804,146,7,78.1967849731445,395,27,392,27,144,18,5.19999980926514,6,2.3199999332428,2.1640000343322736,1.0949999963243797,11697.083333333334,14224.142857142857
CSC4-4,103.9453048,32.0199563,8.79699993133545,9.68400001525879,33.5040130615234,692.180969238281,22.5359992980957,-6.36800003051758,28.9039993286133,16.2066669464111,-0.225999996066093,16.9619998931885,-0.225999996066093,804,146,7,78.1967849731445,395,27,392,27,144,18,5.19999980926514,6,2.3199999332428,2.1640000343322736,1.0949999963243797,11697.083333333334,14224.142857142857
CCQ2-2,108.7289225,32.05269607,9.57533359527588,8.05799961090088,27.3672065734863,780.641052246094,24.0879993438721,-5.35599994659424,29.4440002441406,18.2553329467773,-0.33666667342186,19.0340003967285,-0.33666667342186,1114,186,14,65.7987365722656,493,51,470,51,159,13,5.90000009536743,9,1.33000004291534,2.59599995613098,1.0128666758537295,12897.25,15789.857142857143
CCQ2-1,108.7289225,32.05269607,9.57533359527588,8.05799961090088,27.3672065734863,780.641052246094,24.0879993438721,-5.35599994659424,29.4440002441406,18.2553329467773,-0.33666667342186,19.0340003967285,-0.33666667342186,1114,186,14,65.7987365722656,493,51,470,51,159,13,5.90000009536743,9,1.33000004291534,2.59599995613098,1.0128666758537295,12897.25,15789.857142857143
lu179,108.7289225,32.05269607,9.57533359527588,8.05799961090088,27.3672065734863,780.641052246094,24.0879993438721,-5.35599994659424,29.4440002441406,18.2553329467773,-0.33666667342186,19.0340003967285,-0.33666667342186,1114,186,14,65.7987365722656,493,51,470,51,159,13,5.90000009536743,9,1.33000004291534,2.59599995613098,1.0128666758537295,12897.25,15789.857142857143
HH36,108.8,32.21666667,11.6576671600342,8.34200000762939,28.0799789428711,785.249877929688,26.3999996185303,-3.30800008773804,29.7080001831055,20.3526668548584,1.70266664028168,21.2233333587646,1.70266664028168,1062,181,13,66.5489120483398,478,47,449,47,159,13,5.90000009536743,9,1.33000004291534,2.2946666081746403,1.0950666740536694,13051.166666666666,15972.42857142857
HH37,108.8,32.21666667,11.6576671600342,8.34200000762939,28.0799789428711,785.249877929688,26.3999996185303,-3.30800008773804,29.7080001831055,20.3526668548584,1.70266664028168,21.2233333587646,1.70266664028168,1062,181,13,66.5489120483398,478,47,449,47,159,13,5.90000009536743,9,1.33000004291534,2.2946666081746403,1.0950666740536694,13051.166666666666,15972.42857142857
HH2,108.8,32.21666667,11.6576671600342,8.34200000762939,28.0799789428711,785.249877929688,26.3999996185303,-3.30800008773804,29.7080001831055,20.3526668548584,1.70266664028168,21.2233333587646,1.70266664028168,1062,181,13,66.5489120483398,478,47,449,47,159,13,5.90000009536743,9,1.33000004291534,2.2946666081746403,1.0950666740536694,13051.166666666666,15972.42857142857
HH122,109.0888556,32.25064722,11.7749996185303,8.42399978637695,28.2154331207275,790.395080566406,26.503999710083,-3.35199999809265,29.8559989929199,20.5139999389648,1.76133346557617,21.3946666717529,1.76133346557617,1060,182,13,66.2580184936523,477,48,449,48,159,13,5.90000009536743,9,1.33000004291534,2.3586666584014897,1.1001000056664145,13126.083333333334,16032.57142857143
HH123,109.0888556,32.25064722,11.7749996185303,8.42399978637695,28.2154331207275,790.395080566406,26.503999710083,-3.35199999809265,29.8559989929199,20.5139999389648,1.76133346557617,21.3946666717529,1.76133346557617,1060,182,13,66.2580184936523,477,48,449,48,159,13,5.90000009536743,9,1.33000004291534,2.3586666584014897,1.1001000056664145,13126.083333333334,16032.57142857143
HH121,109.0833444,32.25921944,11.7749996185303,8.42399978637695,28.2154331207275,790.395080566406,26.503999710083,-3.35199999809265,29.8559989929199,20.5139999389648,1.76133346557617,21.3946666717529,1.76133346557617,1060,182,13,66.2580184936523,477,48,449,48,159,13,5.90000009536743,9,1.33000004291534,2.3586666584014897,1.1001000056664145,13126.083333333334,16032.57142857143
HH124,109.0833444,32.25921944,11.7749996185303,8.42399978637695,28.2154331207275,790.395080566406,26.503999710083,-3.35199999809265,29.8559989929199,20.5139999389648,1.76133346557617,21.3946666717529,1.76133346557617,1060,182,13,66.2580184936523,477,48,449,48,159,13,5.90000009536743,9,1.33000004291534,2.3586666584014897,1.1001000056664145,13126.083333333334,16032.57142857143
CGS5-1,104.3469355,32.90229275,6.78900003433228,9.14799976348877,30.8054943084717,729.090515136719,20.8439998626709,-8.85200023651123,29.6959991455078,14.6700000762939,-2.73266673088074,15.4193334579468,-2.73266673088074,717,124,4,77.3586959838867,344,19,335,19,159,13,5.90000009536743,9,1.33000004291534,2.1719999313354497,0.8295666625102359,12517.0,15057.857142857143
CGS5-2,104.3469355,32.90229275,6.78900003433228,9.14799976348877,30.8054943084717,729.090515136719,20.8439998626709,-8.85200023651123,29.6959991455078,14.6700000762939,-2.73266673088074,15.4193334579468,-2.73266673088074,717,124,4,77.3586959838867,344,19,335,19,159,13,5.90000009536743,9,1.33000004291534,2.1719999313354497,0.8295666625102359,12517.0,15057.857142857143
CGS5-3,104.3469355,32.90229275,6.78900003433228,9.14799976348877,30.8054943084717,729.090515136719,20.8439998626709,-8.85200023651123,29.6959991455078,14.6700000762939,-2.73266673088074,15.4193334579468,-2.73266673088074,717,124,4,77.3586959838867,344,19,335,19,159,13,5.90000009536743,9,1.33000004291534,2.1719999313354497,0.8295666625102359,12517.0,15057.857142857143
HH67,104.3469355,32.90229275,6.78900003433228,9.14799976348877,30.8054943084717,729.090515136719,20.8439998626709,-8.85200023651123,29.6959991455078,14.6700000762939,-2.73266673088074,15.4193334579468,-2.73266673088074,717,124,4,77.3586959838867,344,19,335,19,159,13,5.90000009536743,9,1.33000004291534,2.1719999313354497,0.8295666625102359,12517.0,15057.857142857143
SRR26815610,107.9889981,32.99570594,12.7068328857422,8.38366603851318,28.3270263671875,790.873107910156,27.3759994506836,-2.22000002861023,29.5959987640381,21.3780002593994,2.72333335876465,22.3706665039062,2.72333335876465,874,155,8,70.9310607910156,419,30,371,30,159,13,5.90000009536743,9,1.33000004291534,1.9186666409174602,1.1823000013828289,13421.5,16378.42857142857
SRR26815621,107.9889981,32.99570594,12.7068328857422,8.38366603851318,28.3270263671875,790.873107910156,27.3759994506836,-2.22000002861023,29.5959987640381,21.3780002593994,2.72333335876465,22.3706665039062,2.72333335876465,874,155,8,70.9310607910156,419,30,371,30,159,13,5.90000009536743,9,1.33000004291534,1.9186666409174602,1.1823000013828289,13421.5,16378.42857142857
SRR26815622,107.9889981,32.99570594,12.7068328857422,8.38366603851318,28.3270263671875,790.873107910156,27.3759994506836,-2.22000002861023,29.5959987640381,21.3780002593994,2.72333335876465,22.3706665039062,2.72333335876465,874,155,8,70.9310607910156,419,30,371,30,159,13,5.90000009536743,9,1.33000004291534,1.9186666409174602,1.1823000013828289,13421.5,16378.42857142857
CSC1-4,104.1854904,32.99691578,5.51883316040039,9.48499965667725,31.5956020355225,721.51953125,19.7080001831055,-10.3120002746582,30.0200004577637,13.3500003814697,-3.87733340263367,14.0773334503174,-3.87733340263367,709,119,3,77.6007461547852,335,15,326,15,159,13,5.90000009536743,9,1.33000004291534,2.4093333085378,0.7444333434104916,12737.916666666666,15178.57142857143
CSC1-5,104.1984824,33.00978638,6.86133337020874,9.70666694641113,32.0140724182129,726.918334960938,21.1800003051758,-9.14000034332275,30.3199996948242,14.6999998092651,-2.63666677474976,15.4686670303345,-2.63666677474976,690,120,3,78.8399658203125,334,14,324,14,159,13,5.90000009536743,9,1.33000004291534,2.226666728655496,0.7945666735370946,12758.083333333334,15213.0
CSC1-3,104.2036547,33.01260886,6.86133337020874,9.70666694641113,32.0140724182129,726.918334960938,21.1800003051758,-9.14000034332275,30.3199996948242,14.6999998092651,-2.63666677474976,15.4686670303345,-2.63666677474976,690,120,3,78.8399658203125,334,14,324,14,159,13,5.90000009536743,9,1.33000004291534,2.226666728655496,0.7945666735370946,12758.083333333334,15213.0
CSC1-2,104.2043439,33.01324645,6.86133337020874,9.70666694641113,32.0140724182129,726.918334960938,21.1800003051758,-9.14000034332275,30.3199996948242,14.6999998092651,-2.63666677474976,15.4686670303345,-2.63666677474976,690,120,3,78.8399658203125,334,14,324,14,159,13,5.90000009536743,9,1.33000004291534,2.226666728655496,0.7945666735370946,12758.083333333334,15213.0
CSC1-1,104.2036909,33.0136727,6.86133337020874,9.70666694641113,32.0140724182129,726.918334960938,21.1800003051758,-9.14000034332275,30.3199996948242,14.6999998092651,-2.63666677474976,15.4686670303345,-2.63666677474976,690,120,3,78.8399658203125,334,14,324,14,159,13,5.90000009536743,9,1.33000004291534,2.226666728655496,0.7945666735370946,12758.083333333334,15213.0
CGS1-6,105.8250509,33.23509693,10.7906665802002,7.63066673278809,27.0591011047363,752.496704101562,24.7840003967285,-3.41599988937378,28.2000007629395,18.9653339385986,1.23466670513153,19.9273338317871,1.23466670513153,745,145,5,81.1302185058594,392,18,364,18,116,15,7.0,21,1.37000000476837,1.9226667086283336,1.065566668907801,12894.083333333334,15585.142857142857
CGS1-5,105.8244809,33.23985745,10.7906665802002,7.63066673278809,27.0591011047363,752.496704101562,24.7840003967285,-3.41599988937378,28.2000007629395,18.9653339385986,1.23466670513153,19.9273338317871,1.23466670513153,745,145,5,81.1302185058594,392,18,364,18,159,13,5.90000009536743,9,1.33000004291534,1.9226667086283336,1.065566668907801,12894.083333333334,15585.142857142857
CGS1-1,105.8244809,33.23985745,10.7906665802002,7.63066673278809,27.0591011047363,752.496704101562,24.7840003967285,-3.41599988937378,28.2000007629395,18.9653339385986,1.23466670513153,19.9273338317871,1.23466670513153,745,145,5,81.1302185058594,392,18,364,18,159,13,5.90000009536743,9,1.33000004291534,1.9226667086283336,1.065566668907801,12894.083333333334,15585.142857142857
CGS1-2,105.8244809,33.23985745,10.7906665802002,7.63066673278809,27.0591011047363,752.496704101562,24.7840003967285,-3.41599988937378,28.2000007629395,18.9653339385986,1.23466670513153,19.9273338317871,1.23466670513153,745,145,5,81.1302185058594,392,18,364,18,159,13,5.90000009536743,9,1.33000004291534,1.9226667086283336,1.065566668907801,12894.083333333334,15585.142857142857
CGS1-3,105.8244809,33.23985745,10.7906665802002,7.63066673278809,27.0591011047363,752.496704101562,24.7840003967285,-3.41599988937378,28.2000007629395,18.9653339385986,1.23466670513153,19.9273338317871,1.23466670513153,745,145,5,81.1302185058594,392,18,364,18,159,13,5.90000009536743,9,1.33000004291534,1.9226667086283336,1.065566668907801,12894.083333333334,15585.142857142857
CGS1-4,105.8244809,33.23985745,10.7906665802002,7.63066673278809,27.0591011047363,752.496704101562,24.7840003967285,-3.41599988937378,28.2000007629395,18.9653339385986,1.23466670513153,19.9273338317871,1.23466670513153,745,145,5,81.1302185058594,392,18,364,18,159,13,5.90000009536743,9,1.33000004291534,1.9226667086283336,1.065566668907801,12894.083333333334,15585.142857142857
HH120,108.4387639,33.43377222,7.80066680908203,7.84800004959106,26.8988208770752,789.468444824219,22.1240005493164,-7.05200004577637,29.1760005950928,16.474666595459,-2.12533330917358,17.445333480835,-2.12533330917358,853,150,8,70.6672134399414,409,30,369,30,159,13,5.90000009536743,9,1.33000004291534,2.538666725158693,0.8756666655341778,13521.0,16325.0
HH114,108.4387639,33.43377222,7.80066680908203,7.84800004959106,26.8988208770752,789.468444824219,22.1240005493164,-7.05200004577637,29.1760005950928,16.474666595459,-2.12533330917358,17.445333480835,-2.12533330917358,853,150,8,70.6672134399414,409,30,369,30,159,13,5.90000009536743,9,1.33000004291534,2.538666725158693,0.8756666655341778,13521.0,16325.0
HH115,108.4387639,33.43377222,7.80066680908203,7.84800004959106,26.8988208770752,789.468444824219,22.1240005493164,-7.05200004577637,29.1760005950928,16.474666595459,-2.12533330917358,17.445333480835,-2.12533330917358,853,150,8,70.6672134399414,409,30,369,30,159,13,5.90000009536743,9,1.33000004291534,2.538666725158693,0.8756666655341778,13521.0,16325.0
HH116,108.4511417,33.43551667,7.80066680908203,7.84800004959106,26.8988208770752,789.468444824219,22.1240005493164,-7.05200004577637,29.1760005950928,16.474666595459,-2.12533330917358,17.445333480835,-2.12533330917358,853,150,8,70.6672134399414,409,30,369,30,159,13,5.90000009536743,9,1.33000004291534,2.538666725158693,0.8756666655341778,13521.0,16325.0
HH117,108.4511417,33.43551667,7.80066680908203,7.84800004959106,26.8988208770752,789.468444824219,22.1240005493164,-7.05200004577637,29.1760005950928,16.474666595459,-2.12533330917358,17.445333480835,-2.12533330917358,853,150,8,70.6672134399414,409,30,369,30,159,13,5.90000009536743,9,1.33000004291534,2.538666725158693,0.8756666655341778,13521.0,16325.0
HH118,108.4511417,33.43551667,7.80066680908203,7.84800004959106,26.8988208770752,789.468444824219,22.1240005493164,-7.05200004577637,29.1760005950928,16.474666595459,-2.12533330917358,17.445333480835,-2.12533330917358,853,150,8,70.6672134399414,409,30,369,30,159,13,5.90000009536743,9,1.33000004291534,2.538666725158693,0.8756666655341778,13521.0,16325.0
HH119,108.4511417,33.43551667,7.80066680908203,7.84800004959106,26.8988208770752,789.468444824219,22.1240005493164,-7.05200004577637,29.1760005950928,16.474666595459,-2.12533330917358,17.445333480835,-2.12533330917358,853,150,8,70.6672134399414,409,30,369,30,159,13,5.90000009536743,9,1.33000004291534,2.538666725158693,0.8756666655341778,13521.0,16325.0
CSX2-1,108.4886926,33.56179783,7.25649976730347,7.90499973297119,26.8402824401855,796.616455078125,21.6959991455078,-7.75600004196167,29.4519996643066,16.0013332366943,-2.78333330154419,16.9639987945557,-2.78333330154419,833,147,8,71.2082138061523,402,29,362,29,159,13,5.90000009536743,9,1.33000004291534,2.6066666444142665,0.8455333312352494,13620.0,16394.714285714286
CSX3-1,108.4886926,33.56179783,7.25649976730347,7.90499973297119,26.8402824401855,796.616455078125,21.6959991455078,-7.75600004196167,29.4519996643066,16.0013332366943,-2.78333330154419,16.9639987945557,-2.78333330154419,833,147,8,71.2082138061523,402,29,362,29,159,13,5.90000009536743,9,1.33000004291534,2.6066666444142665,0.8455333312352494,13620.0,16394.714285714286
CSX2-3,108.4886926,33.56179783,7.25649976730347,7.90499973297119,26.8402824401855,796.616455078125,21.6959991455078,-7.75600004196167,29.4519996643066,16.0013332366943,-2.78333330154419,16.9639987945557,-2.78333330154419,833,147,8,71.2082138061523,402,29,362,29,159,13,5.90000009536743,9,1.33000004291534,2.6066666444142665,0.8455333312352494,13620.0,16394.714285714286
HH38,108.4886926,33.56179783,7.25649976730347,7.90499973297119,26.8402824401855,796.616455078125,21.6959991455078,-7.75600004196167,29.4519996643066,16.0013332366943,-2.78333330154419,16.9639987945557,-2.78333330154419,833,147,8,71.2082138061523,402,29,362,29,159,13,5.90000009536743,9,1.33000004291534,2.6066666444142665,0.8455333312352494,13620.0,16394.714285714286
HH39,108.4886926,33.56179783,7.25649976730347,7.90499973297119,26.8402824401855,796.616455078125,21.6959991455078,-7.75600004196167,29.4519996643066,16.0013332366943,-2.78333330154419,16.9639987945557,-2.78333330154419,833,147,8,71.2082138061523,402,29,362,29,159,13,5.90000009536743,9,1.33000004291534,2.6066666444142665,0.8455333312352494,13620.0,16394.714285714286
HH86,104.35,33.58333333,6.14949989318848,9.53699970245361,30.3494148254395,772.419616699219,20.9799995422363,-10.4440002441406,31.423999786377,14.460000038147,-3.93333339691162,15.2519998550415,-3.93333339691162,652,116,2,80.6574783325195,323,11,313,11,165,15,8.0,39,1.01999998092651,2.202666640281677,0.7436666687329613,13119.333333333334,15641.285714285714
HH12-1,104.35,33.58333333,6.14949989318848,9.53699970245361,30.3494148254395,772.419616699219,20.9799995422363,-10.4440002441406,31.423999786377,14.460000038147,-3.93333339691162,15.2519998550415,-3.93333339691162,652,116,2,80.6574783325195,323,11,313,11,165,15,8.0,39,1.01999998092651,2.202666640281677,0.7436666687329613,13119.333333333334,15641.285714285714
HH29,104.35,33.58333333,6.14949989318848,9.53699970245361,30.3494148254395,772.419616699219,20.9799995422363,-10.4440002441406,31.423999786377,14.460000038147,-3.93333339691162,15.2519998550415,-3.93333339691162,652,116,2,80.6574783325195,323,11,313,11,165,15,8.0,39,1.01999998092651,2.202666640281677,0.7436666687329613,13119.333333333334,15641.285714285714
HH160,111.4861861,33.74856111,9.16100025177002,9.31799983978271,29.3535785675049,836.782897949219,24.3439998626709,-7.40000009536743,31.7439994812012,18.203332901001,-1.46266663074493,19.3439998626709,-1.46266663074493,861,168,9,72.4304504394531,424,35,404,35,150,16,6.40000009536743,14,1.4099999666214,3.1933333873748766,0.8471000057955577,14038.0,16834.428571428572
HH158,111.4861861,33.74856111,9.16100025177002,9.31799983978271,29.3535785675049,836.782897949219,24.3439998626709,-7.40000009536743,31.7439994812012,18.203332901001,-1.46266663074493,19.3439998626709,-1.46266663074493,861,168,9,72.4304504394531,424,35,404,35,150,16,6.40000009536743,14,1.4099999666214,3.1933333873748766,0.8471000057955577,14038.0,16834.428571428572
HH159,111.4861861,33.74856111,9.16100025177002,9.31799983978271,29.3535785675049,836.782897949219,24.3439998626709,-7.40000009536743,31.7439994812012,18.203332901001,-1.46266663074493,19.3439998626709,-1.46266663074493,861,168,9,72.4304504394531,424,35,404,35,150,16,6.40000009536743,14,1.4099999666214,3.1933333873748766,0.8471000057955577,14038.0,16834.428571428572
CSX5-1,108.8406815,33.76786072,7.67933320999146,8.2519998550415,27.594970703125,804.154907226562,22.1639995574951,-7.73999977111816,29.9039993286133,16.42799949646,-2.48733329772949,17.4606666564941,-2.48733329772949,797,144,7,71.7237091064453,388,27,351,27,140,18,6.19999980926514,14,1.9099999666214,2.6493332386016837,0.8373666852712635,13796.333333333334,16550.0
CSX5-2,108.8406815,33.76786072,7.67933320999146,8.2519998550415,27.594970703125,804.154907226562,22.1639995574951,-7.73999977111816,29.9039993286133,16.42799949646,-2.48733329772949,17.4606666564941,-2.48733329772949,797,144,7,71.7237091064453,388,27,351,27,140,18,6.19999980926514,14,1.9099999666214,2.6493332386016837,0.8373666852712635,13796.333333333334,16550.0
CSX5-3,108.8406815,33.76786072,7.67933320999146,8.2519998550415,27.594970703125,804.154907226562,22.1639995574951,-7.73999977111816,29.9039993286133,16.42799949646,-2.48733329772949,17.4606666564941,-2.48733329772949,797,144,7,71.7237091064453,388,27,351,27,140,18,6.19999980926514,14,1.9099999666214,2.6493332386016837,0.8373666852712635,13796.333333333334,16550.0
CSX5-4,108.8406815,33.76786072,7.67933320999146,8.2519998550415,27.594970703125,804.154907226562,22.1639995574951,-7.73999977111816,29.9039993286133,16.42799949646,-2.48733329772949,17.4606666564941,-2.48733329772949,797,144,7,71.7237091064453,388,27,351,27,140,18,6.19999980926514,14,1.9099999666214,2.6493332386016837,0.8373666852712635,13796.333333333334,16550.0
CSX5-5,108.8406815,33.76786072,7.67933320999146,8.2519998550415,27.594970703125,804.154907226562,22.1639995574951,-7.73999977111816,29.9039993286133,16.42799949646,-2.48733329772949,17.4606666564941,-2.48733329772949,797,144,7,71.7237091064453,388,27,351,27,140,18,6.19999980926514,14,1.9099999666214,2.6493332386016837,0.8373666852712635,13796.333333333334,16550.0
CSX5-6,108.8406815,33.76786072,7.67933320999146,8.2519998550415,27.594970703125,804.154907226562,22.1639995574951,-7.73999977111816,29.9039993286133,16.42799949646,-2.48733329772949,17.4606666564941,-2.48733329772949,797,144,7,71.7237091064453,388,27,351,27,140,18,6.19999980926514,14,1.9099999666214,2.6493332386016837,0.8373666852712635,13796.333333333334,16550.0
CSX5-7,108.8367589,33.77022765,7.67933320999146,8.2519998550415,27.594970703125,804.154907226562,22.1639995574951,-7.73999977111816,29.9039993286133,16.42799949646,-2.48733329772949,17.4606666564941,-2.48733329772949,797,144,7,71.7237091064453,388,27,351,27,140,18,6.19999980926514,14,1.9099999666214,2.6493332386016837,0.8373666852712635,13796.333333333334,16550.0
HC5,106.5778889,34.31097222,9.61883354187012,8.2296667098999,26.8382034301758,828.201477050781,24.8680000305176,-5.7960000038147,30.6639995574951,18.5380001068115,-0.925333380699158,19.6326675415039,-0.925333380699158,674,123,4,79.1834716796875,355,16,311,16,165,17,6.90000009536743,16,1.0900000333786,2.2706665992736834,0.9878666649262113,14070.5,16721.714285714286
HC3,106.5778889,34.31097222,9.61883354187012,8.2296667098999,26.8382034301758,828.201477050781,24.8680000305176,-5.7960000038147,30.6639995574951,18.5380001068115,-0.925333380699158,19.6326675415039,-0.925333380699158,674,123,4,79.1834716796875,355,16,311,16,165,17,6.90000009536743,16,1.0900000333786,2.2706665992736834,0.9878666649262113,14070.5,16721.714285714286
HC2-1,106.5778889,34.31097222,9.61883354187012,8.2296667098999,26.8382034301758,828.201477050781,24.8680000305176,-5.7960000038147,30.6639995574951,18.5380001068115,-0.925333380699158,19.6326675415039,-0.925333380699158,674,123,4,79.1834716796875,355,16,311,16,165,17,6.90000009536743,16,1.0900000333786,2.2706665992736834,0.9878666649262113,14070.5,16721.714285714286
HC2-2,106.5778889,34.31097222,9.61883354187012,8.2296667098999,26.8382034301758,828.201477050781,24.8680000305176,-5.7960000038147,30.6639995574951,18.5380001068115,-0.925333380699158,19.6326675415039,-0.925333380699158,674,123,4,79.1834716796875,355,16,311,16,165,17,6.90000009536743,16,1.0900000333786,2.2706665992736834,0.9878666649262113,14070.5,16721.714285714286
HC01,106.5778889,34.31097222,9.61883354187012,8.2296667098999,26.8382034301758,828.201477050781,24.8680000305176,-5.7960000038147,30.6639995574951,18.5380001068115,-0.925333380699158,19.6326675415039,-0.925333380699158,674,123,4,79.1834716796875,355,16,311,16,165,17,6.90000009536743,16,1.0900000333786,2.2706665992736834,0.9878666649262113,14070.5,16721.714285714286
HCL,106.5778889,34.31097222,9.61883354187012,8.2296667098999,26.8382034301758,828.201477050781,24.8680000305176,-5.7960000038147,30.6639995574951,18.5380001068115,-0.925333380699158,19.6326675415039,-0.925333380699158,674,123,4,79.1834716796875,355,16,311,16,165,17,6.90000009536743,16,1.0900000333786,2.2706665992736834,0.9878666649262113,14070.5,16721.714285714286
HH110,106.5778889,34.31097222,9.61883354187012,8.2296667098999,26.8382034301758,828.201477050781,24.8680000305176,-5.7960000038147,30.6639995574951,18.5380001068115,-0.925333380699158,19.6326675415039,-0.925333380699158,674,123,4,79.1834716796875,355,16,311,16,165,17,6.90000009536743,16,1.0900000333786,2.2706665992736834,0.9878666649262113,14070.5,16721.714285714286
HH111,106.5778889,34.31097222,9.61883354187012,8.2296667098999,26.8382034301758,828.201477050781,24.8680000305176,-5.7960000038147,30.6639995574951,18.5380001068115,-0.925333380699158,19.6326675415039,-0.925333380699158,674,123,4,79.1834716796875,355,16,311,16,165,17,6.90000009536743,16,1.0900000333786,2.2706665992736834,0.9878666649262113,14070.5,16721.714285714286
HH112,106.5778889,34.31097222,9.61883354187012,8.2296667098999,26.8382034301758,828.201477050781,24.8680000305176,-5.7960000038147,30.6639995574951,18.5380001068115,-0.925333380699158,19.6326675415039,-0.925333380699158,674,123,4,79.1834716796875,355,16,311,16,165,17,6.90000009536743,16,1.0900000333786,2.2706665992736834,0.9878666649262113,14070.5,16721.714285714286
HH113,106.5778889,34.31097222,9.61883354187012,8.2296667098999,26.8382034301758,828.201477050781,24.8680000305176,-5.7960000038147,30.6639995574951,18.5380001068115,-0.925333380699158,19.6326675415039,-0.925333380699158,674,123,4,79.1834716796875,355,16,311,16,165,17,6.90000009536743,16,1.0900000333786,2.2706665992736834,0.9878666649262113,14070.5,16721.714285714286
HHC02,106.5666667,34.31666667,9.61883354187012,8.2296667098999,26.8382034301758,828.201477050781,24.8680000305176,-5.7960000038147,30.6639995574951,18.5380001068115,-0.925333380699158,19.6326675415039,-0.925333380699158,674,123,4,79.1834716796875,355,16,311,16,165,15,8.0,39,1.01999998092651,2.2706665992736834,0.9878666649262113,14070.5,16721.714285714286
HHC03,106.5666667,34.31666667,9.61883354187012,8.2296667098999,26.8382034301758,828.201477050781,24.8680000305176,-5.7960000038147,30.6639995574951,18.5380001068115,-0.925333380699158,19.6326675415039,-0.925333380699158,674,123,4,79.1834716796875,355,16,311,16,165,15,8.0,39,1.01999998092651,2.2706665992736834,0.9878666649262113,14070.5,16721.714285714286
HC,106.5666667,34.31666667,9.61883354187012,8.2296667098999,26.8382034301758,828.201477050781,24.8680000305176,-5.7960000038147,30.6639995574951,18.5380001068115,-0.925333380699158,19.6326675415039,-0.925333380699158,674,123,4,79.1834716796875,355,16,311,16,165,15,8.0,39,1.01999998092651,2.2706665992736834,0.9878666649262113,14070.5,16721.714285714286
HH83,106.5666667,34.31666667,9.61883354187012,8.2296667098999,26.8382034301758,828.201477050781,24.8680000305176,-5.7960000038147,30.6639995574951,18.5380001068115,-0.925333380699158,19.6326675415039,-0.925333380699158,674,123,4,79.1834716796875,355,16,311,16,165,15,8.0,39,1.01999998092651,2.2706665992736834,0.9878666649262113,14070.5,16721.714285714286
HH27,106.5666667,34.31666667,9.61883354187012,8.2296667098999,26.8382034301758,828.201477050781,24.8680000305176,-5.7960000038147,30.6639995574951,18.5380001068115,-0.925333380699158,19.6326675415039,-0.925333380699158,674,123,4,79.1834716796875,355,16,311,16,165,15,8.0,39,1.01999998092651,2.2706665992736834,0.9878666649262113,14070.5,16721.714285714286
HH28,106.5666667,34.31666667,9.61883354187012,8.2296667098999,26.8382034301758,828.201477050781,24.8680000305176,-5.7960000038147,30.6639995574951,18.5380001068115,-0.925333380699158,19.6326675415039,-0.925333380699158,674,123,4,79.1834716796875,355,16,311,16,165,15,8.0,39,1.01999998092651,2.2706665992736834,0.9878666649262113,14070.5,16721.714285714286
HY14,106.5666667,34.31666667,9.61883354187012,8.2296667098999,26.8382034301758,828.201477050781,24.8680000305176,-5.7960000038147,30.6639995574951,18.5380001068115,-0.925333380699158,19.6326675415039,-0.925333380699158,674,123,4,79.1834716796875,355,16,311,16,165,15,8.0,39,1.01999998092651,2.2706665992736834,0.9878666649262113,14070.5,16721.714285714286
HY15,106.5666667,34.31666667,9.61883354187012,8.2296667098999,26.8382034301758,828.201477050781,24.8680000305176,-5.7960000038147,30.6639995574951,18.5380001068115,-0.925333380699158,19.6326675415039,-0.925333380699158,674,123,4,79.1834716796875,355,16,311,16,165,15,8.0,39,1.01999998092651,2.2706665992736834,0.9878666649262113,14070.5,16721.714285714286
HH82,106.5728519,34.31670487,9.61883354187012,8.2296667098999,26.8382034301758,828.201477050781,24.8680000305176,-5.7960000038147,30.6639995574951,18.5380001068115,-0.925333380699158,19.6326675415039,-0.925333380699158,674,123,4,79.1834716796875,355,16,311,16,165,15,8.0,39,1.01999998092651,2.2706665992736834,0.9878666649262113,14070.5,16721.714285714286
HH92,106.5728519,34.31670487,9.61883354187012,8.2296667098999,26.8382034301758,828.201477050781,24.8680000305176,-5.7960000038147,30.6639995574951,18.5380001068115,-0.925333380699158,19.6326675415039,-0.925333380699158,674,123,4,79.1834716796875,355,16,311,16,165,15,8.0,39,1.01999998092651,2.2706665992736834,0.9878666649262113,14070.5,16721.714285714286
CZ08,106.5728519,34.31670487,9.61883354187012,8.2296667098999,26.8382034301758,828.201477050781,24.8680000305176,-5.7960000038147,30.6639995574951,18.5380001068115,-0.925333380699158,19.6326675415039,-0.925333380699158,674,123,4,79.1834716796875,355,16,311,16,165,15,8.0,39,1.01999998092651,2.2706665992736834,0.9878666649262113,14070.5,16721.714285714286
HH90,106.5728519,34.31670487,9.61883354187012,8.2296667098999,26.8382034301758,828.201477050781,24.8680000305176,-5.7960000038147,30.6639995574951,18.5380001068115,-0.925333380699158,19.6326675415039,-0.925333380699158,674,123,4,79.1834716796875,355,16,311,16,165,15,8.0,39,1.01999998092651,2.2706665992736834,0.9878666649262113,14070.5,16721.714285714286
HH91,106.5728519,34.31670487,9.61883354187012,8.2296667098999,26.8382034301758,828.201477050781,24.8680000305176,-5.7960000038147,30.6639995574951,18.5380001068115,-0.925333380699158,19.6326675415039,-0.925333380699158,674,123,4,79.1834716796875,355,16,311,16,165,15,8.0,39,1.01999998092651,2.2706665992736834,0.9878666649262113,14070.5,16721.714285714286
HY16,106.5728519,34.31670487,9.61883354187012,8.2296667098999,26.8382034301758,828.201477050781,24.8680000305176,-5.7960000038147,30.6639995574951,18.5380001068115,-0.925333380699158,19.6326675415039,-0.925333380699158,674,123,4,79.1834716796875,355,16,311,16,165,15,8.0,39,1.01999998092651,2.2706665992736834,0.9878666649262113,14070.5,16721.714285714286
