geo_dit,env_dist,fst_adaptive,fst_neutral
0,0,0,0
2.89849351321802,3.97673674076405,0.39975,0.244763
3.94003024871252,4.30792697288921,0.408248,0.278138
4.98909672485093,5.56286760967834,0.434677,0.266981
6.40491320723403,7.44467194544904,0.402593,0.234546
3.92272883671089,5.91865716553187,0.469936,0.268071
4.58355438732641,4.82990475739219,0.509838,0.293352
3.19394698089324,10.53467063024,0.441087,0.252795
4.47252142635471,5.82581738631196,0.223243,0.157086
4.33770966129669,6.31438395527516,0.497892,0.277373
8.62592194219729,7.75100322167385,0.526051,0.298243
6.16787937652545,6.36690272441006,0.267558,0.183558
0.00173708071871141,1.65046518089335e-15,0.0450179,0.0248739
5.5639498013369,9.88819893608965,0.420489,0.231094
3.85348785819696,8.46212425836773,0.47451,0.262815
3.85706975849383,8.43217678327606,0.42829,0.223648
3.99177946100556,7.69654771498395,0.43096,0.235873
4.03120552098638,8.63779991998939,0.469394,0.278716
5.24494950147107,8.96595945983597,0.52604,0.349441
4.98617591331199,9.7120739884166,0.462182,0.258419
4.88860852481837,9.45071767915052,0.619899,0.400703
4.82316006922957,8.48447140041415,0.506638,0.287527
5.66128688040885,8.16081024942017,0.406813,0.218006
1.32486439492411,3.72634815251607,0.306461,0.226448
5.79107349930928,7.55724043310814,0.422649,0.265386
6.3178616006731,9.64470265735049,0.513765,0.337521
8.58787797158318,8.76269405572023,0.463988,0.309197
8.22972862348593,7.40606788020224,0.408638,0.260493
8.51491436928331,7.48416597116583,0.375663,0.229016
8.49619491324298,8.26357089096493,0.347977,0.2128
8.10309243518606,7.25654518658975,0.398238,0.235519
7.52850525673845,6.97252934158595,0.40567,0.23991
7.54701028668084,6.96555817953702,0.402223,0.239039
10.590516399908,8.82123487607218,0.504943,0.287564
1.32535661555273,3.72634815251607,0.304207,0.209974
8.25030802061019,7.39252922458552,0.458009,0.265
10.9467631032765,9.02678395831723,0.482274,0.262668
8.83331222285192,7.18649810707443,0.41803,0.227477
10.401961582501,8.15297224681386,0.472032,0.257699
10.4035771026027,8.15297224681386,0.467674,0.236554
10.8559371252889,8.52746729472766,0.473983,0.239118
11.6219758212127,10.7620566622797,0.534275,0.255459
9.98031061403674,8.25305300940529,0.579409,0.297296
10.7849148863795,8.94215719560113,0.458799,0.242299
10.354605264714,8.70250370534281,0.509668,0.252595
3.49567343789688,8.55742829107512,0.499607,0.261217
10.3604483403078,9.47366432451894,0.510584,0.271107
10.360487538798,9.47366432451894,0.60013,0.391996
1.21767083743222,9.78481757531388,0.508838,0.273455
5.61139816492972,11.3088376099956,0.399186,0.228256
3.02435127219753,8.15818597168804,0.431728,0.242261
4.51561248967924,5.18125268720015,0.382957,0.267974
0,0,0,0
1.30027882948954,1.31370681874581,0,0
2.4422134546094,2.38324139315553,0.208975,0.180171
4.20939516360153,7.03211041658792,0.410855,0.340948
1.03602854650045,4.59373819170403,0.257102,0.169307
1.71550429445198,3.28080245251716,0.296407,0.196335
3.23185729588576,10.5877893746842,0.482536,0.354475
1.57777036985838,5.21309404638202,0.233592,0.233789
1.48753279751174,5.4166894480289,0.304774,0.197996
6.02023714952821,4.99879858461392,0.311661,0.207386
3.31545347704638,5.79782582396323,0.284343,0.275003
2.89726972562118,3.97673674076405,0.445915,0.264622
6.45160492746399,10.4359726871654,0.454634,0.340558
2.43434441209127,8.42965328544638,0.519921,0.37153
3.03906934727844,8.63266731972769,0.46031,0.329178
2.91909579226693,7.70497513231485,0.475403,0.337044
2.99786260578236,8.65465298086134,0.512322,0.387134
5.45158118890634,9.51174339486549,0.58511,0.461891
4.67708621474356,10.1009649363619,0.489305,0.366551
2.85837381172006,9.46794672814885,0.646616,0.511456
3.04259071100297,8.55201871728906,0.538278,0.40449
3.07789382469677,7.8657382553425,0.424623,0.315008
1.5736369108466,2.36716405527978,0.245646,0.177761
3.7634160244851,7.31460163003998,0.442566,0.357928
4.8610373379103,9.84254959102208,0.526296,0.448686
5.71709362122939,6.92222791727486,0.444283,0.411417
5.51565244241388,6.1933566206532,0.389286,0.363132
5.74400429223609,6.19372269655305,0.3666,0.328824
5.7320635124808,6.77751076613442,0.329464,0.30903
5.45955090531049,6.05186406464343,0.392806,0.352937
5.46008233228759,6.01296772034874,0.393395,0.355204
5.52023346656745,6.02372701739509,0.377795,0.344335
7.72066924516528,6.43284797056688,0.471103,0.39135
1.57314717703401,2.36716405527978,0.20631,0.160768
6.53744641450903,6.39036660153834,0.438618,0.373905
8.06694847169875,6.53456062709196,0.458501,0.372454
6.53223205630944,6.00344923129252,0.381065,0.319009
7.61729070205619,6.23924284423201,0.434591,0.3676
7.61899422779007,6.23924284423201,0.429778,0.339103
8.03577069929329,6.54361440515018,0.41925,0.336139
8.74870806142815,8.56373629806401,0.48213,0.364391
7.37604309438552,6.67362572833887,0.529312,0.404261
8.00644828291056,7.03584302177284,0.409764,0.332225
7.85579205131582,7.00765757567156,0.449779,0.33754
3.02075382904138,8.78963032894523,0.528351,0.352585
7.86191856968936,7.94506196892287,0.455091,0.357326
7.8619596687139,7.94506196892287,0.562867,0.476124
2.66902911368373,10.1545085694035,0.549262,0.37749
5.06246512341571,12.054911407934,0.386727,0.332861
4.74778038752161,8.41270610133187,0.469376,0.363154
2.24712014673785,2.76202627753371,0.225342,0.168694
0,0,0,0
1.14350304452782,1.85664095433877,0.219312,0.185302
4.53806050972734,7.24755141547271,0.456477,0.396103
0.724878099607775,4.76830723669676,0.260293,0.180934
0.883316281402195,3.31162220881417,0.292387,0.202678
4.48315282247364,10.9664842036062,0.508343,0.400764
1.21522551922427,5.1949074526696,0.278282,0.278485
1.44206549275971,5.63405764524602,0.286502,0.203195
4.75862979924189,3.98743345477314,0.301971,0.205525
2.28213278366408,5.37289965432002,0.329961,0.322393
3.93912112567657,4.30792697288921,0.441242,0.290432
7.71240399175674,11.2163607952019,0.494923,0.396412
3.43974476968352,8.68892148396046,0.54461,0.418341
4.15068185187121,9.05576644735479,0.49565,0.381093
3.97273427292949,8.08513254363601,0.502314,0.384313
4.05417974941804,9.01032803206797,0.536553,0.431053
6.64034743752911,10.1892539467531,0.591638,0.492511
5.79428933111662,10.6412249894566,0.523462,0.415667
3.48008125765126,9.67939104334848,0.639466,0.525615
3.78598458050916,8.84894152325162,0.561696,0.448782
3.15402332979033,7.92671404595254,0.459232,0.35953
2.66875698364542,3.08999297669388,0.250308,0.190496
4.26209488634793,7.59239075784579,0.470535,0.395446
5.58355429136783,10.1771559128126,0.551738,0.483378
5.05494065013022,6.68004253636187,0.475025,0.449504
5.19727990093806,6.0103555894758,0.434278,0.411897
5.32091344718696,5.9149118766741,0.411421,0.380604
5.32162577152103,6.63842870326466,0.372342,0.359266
5.24514364989759,5.9597161488398,0.444088,0.409455
5.78938745752658,6.37838182550634,0.44129,0.410411
5.87504783397595,6.39624069113886,0.42598,0.397458
7.02165062446773,5.93948574076743,0.500401,0.433287
2.66846395896161,3.08999297669388,0.216237,0.171783
7.03447996758982,7.00039174083174,0.478698,0.426004
7.32746793157784,5.97575306581682,0.49343,0.424325
6.62580553150735,6.23097969702867,0.419512,0.367909
7.11645770076839,5.85595270058877,0.476939,0.421747
7.11828410173461,5.85595270058877,0.470296,0.392781
7.45852548216329,6.07353750782409,0.458944,0.386446
8.02536700199162,8.14006529176544,0.511083,0.418095
7.13831676457256,6.43090055597059,0.554344,0.45144
7.50886665911839,6.66651878950767,0.445349,0.378048
7.72017423143392,7.04387211482402,0.476069,0.376837
4.20946333753155,9.22038183832874,0.546474,0.390594
7.72642134471347,7.97702196074155,0.482158,0.39554
7.72646325214376,7.97702196074155,0.573772,0.497333
3.92110792340193,10.4672330086592,0.568919,0.422586
6.10137983572547,12.3676883965432,0.4348,0.388873
6.04201800523557,9.13685014271635,0.506928,0.418617
1.03333237292828,2.22591715231184,0.221305,0.179992
0,0,0,0
5.02152147043745,7.38263121793559,0.436025,0.385164
1.6555419113445,4.48851208208736,0.173565,0.132234
1.237674962948,2.88286021558609,0.197323,0.156301
5.58455339326025,11.0775057164723,0.49571,0.391055
1.78441614436403,5.22364655912219,0.256667,0.269533
2.13019023727954,5.60922135830733,0.20352,0.156577
3.64611895740413,3.19713607167944,0.20966,0.169704
1.62895333601608,5.37243414015561,0.305144,0.311495
4.98834418671378,5.56286760967834,0.476561,0.285015
8.81204780935805,11.3333447176298,0.472641,0.383275
4.4163280426305,8.70123766885568,0.523045,0.409761
5.16985397195313,8.99945161448615,0.465123,0.368584
4.9614863080833,8.11963888352577,0.480932,0.372512
5.04266663527892,9.03716826103328,0.514375,0.421386
7.6871501414983,10.2764629515286,0.575426,0.48657
6.79617403650781,10.6627493083256,0.499914,0.40434
4.23194813580335,9.53058258277984,0.624493,0.524217
4.59608236651899,8.70668493633797,0.539711,0.441189
3.55715388638023,7.73826404397686,0.425648,0.348498
3.76384582892867,3.46832606457815,0.268695,0.189874
4.88501451888142,7.58303750068568,0.447591,0.385931
6.31463903268455,10.3959009346078,0.521214,0.476715
4.6181056656019,6.42044406583043,0.46269,0.440093
5.0949785199978,5.91723092037659,0.40387,0.400471
5.11252639259943,5.77813023323952,0.388303,0.368767
5.12544946115674,6.46237642094935,0.346467,0.347041
5.23669104553436,5.89047511843004,0.412923,0.396695
6.21798483266316,6.4656386326157,0.414793,0.397671
6.32082351721268,6.52506222056714,0.407644,0.384993
6.48311734414167,5.35716171938716,0.46952,0.422367
3.76362020948138,3.46832606457815,0.232519,0.17369
7.560296722969,7.08243016151169,0.458405,0.414369
6.74190434622167,5.45017129559624,0.472625,0.412515
6.83305272763893,6.20569438656891,0.397356,0.355716
6.77057143706624,5.52994951666621,0.456012,0.410098
6.77247014985159,5.52994951666621,0.444243,0.380027
7.03060575261412,5.71862161840892,0.430765,0.373884
7.44336831029565,7.70203861921862,0.490641,0.406873
7.03862223393309,6.72067120869574,0.532749,0.440661
7.15673069281243,6.43218051485247,0.425371,0.366965
7.69797347168079,6.98654197987311,0.455794,0.366417
5.27371094389622,9.13382668170963,0.525862,0.381443
7.70418208204588,7.9264439585912,0.463291,0.384855
7.70422373144884,7.9264439585912,0.564276,0.49197
5.05434368861178,10.3214960354312,0.547746,0.411588
7.04564433636894,12.5443415939792,0.408081,0.375924
7.1854311002792,9.26817821734453,0.491675,0.408099
0.674001612878854,1.48472840609102,0.173393,0.149733
0,0,0,0
3.84081416442798,7.16512865466746,0.431993,0.38868
3.84385320771962,6.27718319262449,0.442014,0.403648
4.08729685468754,8.6749318894158,0.112737,0.0550883
3.34977043188316,6.03536820739265,0.122829,0.0608157
3.0970235368981,7.70055373022605,0.412619,0.37212
6.95940566905309,8.7803665322287,0.446564,0.39895
4.18201561073397,7.01964180535578,0.0787575,0.0287712
6.40322639199026,7.44467194544904,0.439967,0.257849
6.25998082131936,6.34837725436614,0.0243453,0.0104522
2.63877961679385,5.33000365331078,0.112637,0.0607991
3.06385793609985,3.626936724776,0.0386759,0.010814
2.77223433832164,3.84714427470288,0.0927577,0.0408376
2.7871551072475,5.45762548285028,0.131254,0.0660364
4.75173139353143,5.10961501991563,0.142538,0.114156
3.71784288076998,5.96619120848802,0.0409715,0.0356587
1.51652473745631,5.17724458362139,0.21108,0.170433
1.66516840842284,3.17312551772621,0.0749607,0.0545905
1.46866663232208,2.69266116650931,0.0355343,0.0183656
5.3165573925983,7.43351582365594,0.413105,0.337824
0.682574072295462,1.57675643278983,0.0747569,0.0679668
1.79929660471625,3.92503207257146,0.100163,0.101291
3.8678765263553,8.56136439022016,0.20441,0.101101
2.60257954340001,2.86397525123613,0.103508,0.0479283
3.07402732182713,3.28172168303996,0.0408897,0.0232311
3.02587621055264,7.62836254508952,0.0948175,0.018894
2.24917696191359,2.76240291169433,0.0225918,0.0135267
1.26122643639888,2.54468986254882,0.0549931,0.019655
1.33856382184391,2.4233040268752,0.0674703,0.0288813
5.44679071394325,7.5574054060295,0.250015,0.0825693
5.31586314446809,7.43351582365594,0.40522,0.330691
2.5388719044484,4.51613558392483,0.144194,0.0450727
5.87552603468076,7.96037991464239,0.201929,0.0446847
2.42841234515661,5.59481447461248,0.169254,0.0333362
4.71284550830489,5.31756059636909,0.174869,0.0374028
4.71388789031815,5.31756059636909,0.17407,0.0316777
5.29934364873457,5.77485884137865,0.214249,0.0413971
6.39412632082536,9.43148239068216,0.252953,0.0410487
3.79957927996459,5.11985299413778,0.268038,0.0842283
5.03096547431394,6.45757122535227,0.200875,0.0528172
4.01924060784293,6.42652722080636,0.286092,0.0711908
3.51452382319065,4.06108069267478,0.129794,0.0628311
4.02469852443073,7.43753972170386,0.263832,0.0881842
4.02473514530139,7.43753972170386,0.339514,0.204671
5.46095031160634,5.92324561185154,0.121936,0.0556699
3.45796810959782,7.21364698015312,0.0546992,0.015566
6.3430709691656,4.80505418123989,0.0373795,0.0115485
5.41045224373187,7.20830895146509,0.415292,0.39022
0,0,0,0
0.684473673135921,2.74232911395455,0.11,0.0994313
3.94938630534914,8.90227216101206,0.484354,0.395559
0.636060958205581,5.88498440195917,0.256692,0.27172
0.752431822815452,6.98928204936401,0.100254,0.103805
5.06958750731542,6.35853243192079,0.122088,0.109565
2.28293201255183,5.35086723684229,0.292424,0.313468
3.92156329565894,5.91865716553187,0.50306,0.288609
7.17007340278985,9.99105504692445,0.463659,0.386613
2.7740973419455,6.32425284606503,0.507438,0.411955
3.51652852302415,8.16201939066249,0.457185,0.372299
3.31600701090348,7.43282449194825,0.469157,0.376034
3.39743235312342,7.93808375268279,0.507605,0.425493
6.03167862654305,9.1129409046122,0.55607,0.490635
5.14866888582226,9.13291943950872,0.48436,0.409115
2.75538922105756,8.362050778344,0.60952,0.527693
3.0661653692122,7.97043626536697,0.525374,0.443793
2.49684565881722,7.4482903582938,0.411597,0.351447
2.60024202396076,4.68803385964845,0.328949,0.187586
3.5426925731266,7.14685343772189,0.436163,0.391081
4.85927642511735,9.73405655135188,0.511829,0.480105
4.7552421476712,8.59774108757315,0.459183,0.444816
4.70910089880275,6.52050125222924,0.399616,0.405419
4.88459548465974,6.53847138567799,0.378435,0.372625
4.87886357377518,5.3227593785038,0.344823,0.351132
4.71173785675867,6.41330972946903,0.397168,0.399536
5.09783298227509,6.45312414543565,0.409597,0.401037
5.17934855762546,6.5133866940099,0.398033,0.388702
6.75301693220724,7.2150536564715,0.468584,0.427095
2.59978777269563,4.68803385964845,0.293358,0.168135
6.32155433989039,6.92812023200729,0.452978,0.418589
7.08665033042056,7.46610651808675,0.465798,0.415522
5.99262583641356,6.58444547073498,0.392038,0.359985
6.72944604563935,6.7726039125203,0.447989,0.413341
6.73121161039727,6.7726039125203,0.433363,0.383201
7.11563756633425,7.08764938980182,0.425634,0.377188
7.77503321263978,9.8253005922747,0.487995,0.410116
6.62450235113661,7.41145534822052,0.533006,0.443536
7.12133076692983,6.3754269097044,0.418793,0.371342
7.16739845300588,7.80687712506699,0.44952,0.369433
3.62034173431599,8.28770466319641,0.512752,0.386265
7.17362012666039,9.22360247848159,0.459789,0.389401
7.17366186356242,9.22360247848159,0.560723,0.498107
3.68034470133203,9.38462438873974,0.536801,0.416102
5.42371566378115,11.6000149918258,0.398302,0.379894
5.68632563092997,8.13970449328282,0.472443,0.409832
1.72919954098567,4.47084436335033,0.182286,0.130977
0,0,0,0
4.54682400104685,9.23095289445391,0.507615,0.409648
0.547297725731722,4.54016705819617,0.275128,0.285065
0.899485319356766,4.7289796100079,0.10677,0.122799
4.41843801318909,5.01534573797221,0.149462,0.139378
1.60002032488159,4.55201150378789,0.315228,0.326424
4.58244406138815,4.82990475739219,0.537349,0.310201
7.74621797920984,9.77896168626781,0.48187,0.402545
3.24518019526482,6.9484538880555,0.533169,0.426566
4.02334174319197,7.49137028522596,0.475647,0.386072
3.79243859644076,6.90473665831154,0.488027,0.389221
3.87259703307699,7.55020263731684,0.532142,0.441699
6.54998744045729,8.6178117080714,0.581838,0.509329
5.62355703608335,8.84236943051743,0.507725,0.423957
2.99435639812942,7.89454014281815,0.630981,0.544985
3.36195067329648,7.20149321358038,0.549961,0.463223
2.40212353028239,6.52485227289113,0.431409,0.363443
3.26636715387619,3.62355326222289,0.376533,0.217184
3.66283467626767,6.27663630318432,0.45322,0.401963
5.07883719369823,9.1946248517439,0.530838,0.497602
4.19735219861789,6.80888488190814,0.472391,0.459684
4.31728925335064,5.32633761680893,0.412773,0.420232
4.4376629252152,5.31719331394468,0.393753,0.386505
4.43830958646321,5.80865915285778,0.357567,0.364376
4.37577253279215,5.23771165432915,0.418165,0.417322
5.06987211743033,5.48451992492392,0.422714,0.418543
5.16522349362803,5.56656741066621,0.414051,0.404032
6.17883428281836,6.02044649563334,0.481743,0.441586
3.2659422447014,3.62355326222289,0.335074,0.207951
6.37546076177298,6.12932464754848,0.471095,0.436945
6.49712932163382,6.29554914843944,0.477599,0.433254
5.81360459582961,5.44433636555642,0.396758,0.372521
6.2387754466698,5.52729820112111,0.46482,0.430367
6.24059258456186,5.52729820112111,0.449443,0.399006
6.59077518448262,5.86473790455045,0.436728,0.391156
7.19142884529446,8.13665155671632,0.499445,0.427665
6.26127284429953,6.48713859475896,0.546951,0.462445
6.63130146793583,5.93790040015487,0.429425,0.383115
6.85395180381406,6.64136779569196,0.457489,0.380802
4.17640204306967,7.66367472400398,0.529164,0.396455
6.86020204300451,7.58861732443465,0.464992,0.400241
6.86024397139584,7.58861732443465,0.566508,0.509101
4.36455688816266,9.00707214176362,0.557827,0.430257
5.83906149124782,11.1783436653375,0.414677,0.394736
6.35307266747705,7.78087050404716,0.500592,0.427587
1.56899547240444,2.88977058429026,0.192291,0.151127
0,0,0,0
4.10418472863899,9.21049318787551,0.172602,0.0812936
3.77339716083468,9.82999383636497,0.487671,0.383298
8.94466929400629,12.6758760651276,0.512638,0.405027
5.96802038801673,9.44043941060348,0.136027,0.0570593
3.19230145465968,10.53467063024,0.470908,0.273065
3.22952326417456,9.3800559671254,0.0637449,0.0439463
1.63944753549652,6.06472238917197,0.12306,0.0830983
1.02362728727654,8.28993470208986,0.0657435,0.0424902
1.32120610063474,8.43532630183533,0.0660542,0.0606795
1.30049542888298,4.77475559634433,0.120421,0.0884696
2.29325191076679,8.31754473979809,0.165172,0.148999
1.80395538061491,5.81782969574489,0.0949466,0.0666088
2.77093091561472,6.23653568810344,0.268144,0.198518
2.4572520591389,8.58306927227505,0.116679,0.0885097
4.0598717550834,9.04682861422276,0.0737786,0.0469554
2.86531372019771,10.495063831588,0.473987,0.350238
3.40473125817496,8.23247748005008,0.146507,0.0954028
3.37104788818271,10.1874819699732,0.239924,0.142888
7.37307449189316,10.341603478587,0.354321,0.143362
6.49523461694901,9.23150320992375,0.251992,0.087425
6.90409879601053,9.41053538376333,0.17935,0.0645985
6.86751187759586,8.60824189417202,0.22435,0.0570015
6.22656625851841,8.96927579386544,0.15335,0.0587974
4.9307215030572,8.28969935654854,0.202738,0.0619551
4.90822303803696,8.32574157271062,0.21563,0.0745612
9.24349977431219,11.2567924872141,0.405816,0.128999
2.86480240249975,10.495063831588,0.47319,0.343143
5.32351033111128,8.53707886739303,0.314838,0.0928186
9.6541577662391,11.7340726141699,0.3744,0.0947716
6.37575815597001,8.73040338252251,0.316444,0.0777046
8.70408369347419,10.3140390209812,0.34648,0.0932562
8.70533833583444,10.3140390209812,0.340566,0.0800481
9.25691629978319,10.7344735844096,0.370988,0.0898533
10.2516469691122,11.8933309416024,0.419657,0.0949605
7.88687543835024,9.82845612416022,0.446381,0.137449
9.04831967933078,9.14291238999325,0.350842,0.0961085
8.0675444656763,9.62866341851355,0.42622,0.115602
0.575801859043423,8.55133025953015,0.137257,0.0865961
8.07267370346522,9.93002676374087,0.404084,0.130157
8.07270811696814,9.93002676374087,0.459945,0.238221
1.97917237232119,10.3485212143608,0.134331,0.0799703
2.41747836242934,10.6021431453131,0.199574,0.0599279
2.26806726932694,7.01445275921942,0.0695025,0.0453585
5.47442973940612,10.9267543999308,0.470328,0.394499
0,0,0,0
0.360457201835677,6.23251659394853,0.242385,0.260333
4.84070569975035,6.71701709995087,0.26716,0.279991
1.89285273594986,2.5327403594469,0.0391775,0.0403946
4.4712608991997,5.82581738631196,0.26074,0.177471
7.27580002754044,8.95079061488772,0.147603,0.0587933
2.73361298743279,6.37268092239357,0.192055,0.0892299
3.52240681983771,6.71207783516388,0.16771,0.0570094
3.27953565698339,5.48670586544388,0.177072,0.0736054
3.35879480753135,6.73050869317975,0.18568,0.0969566
6.04674903903854,7.72186496237812,0.221517,0.144133
5.10415162325882,8.5379321698885,0.178591,0.0759459
2.44760430753257,7.77225092432194,0.2819,0.183156
2.81503837576542,6.63908208766642,0.204421,0.090385
1.94134302434183,6.21754029919653,0.155471,0.0603873
3.14837637618089,6.0773149021443,0.244517,0.232064
3.13350862227625,5.61735090537563,0.168778,0.101003
4.53562384409537,9.59654485750502,0.22553,0.136754
4.14701410541336,5.67090761716896,0.179926,0.123052
4.07391433639352,4.69695345011197,0.133722,0.0806104
4.24933116884611,4.66989525427008,0.107116,0.0613451
4.24325210776067,4.68608568717502,0.0955227,0.0524222
4.08303037543533,4.43148611015569,0.08638,0.0548697
4.59139324220463,4.65993578478525,0.0989156,0.0573699
4.68138788596542,4.83703357154186,0.120565,0.0674894
6.14910921370674,4.86355566847627,0.209778,0.105088
3.14786518040743,6.0773149021443,0.228614,0.224302
5.86943017291884,5.44267554307749,0.154054,0.0782314
6.49131286099538,5.46056432431985,0.186692,0.0761532
5.4121631936945,3.76369470579535,0.156662,0.0657686
6.09812144341381,5.32293945782341,0.155316,0.0775531
6.09987762020939,5.32293945782341,0.177246,0.0680342
6.4916270938508,5.75673293076228,0.200498,0.0770994
7.17519213948077,7.75381970019307,0.217622,0.0752631
5.99311826240292,6.90050755796591,0.270315,0.113019
6.48971352514189,6.62144614791841,0.210223,0.085202
6.54531798760573,6.44986091356175,0.253433,0.0973245
3.70280857201361,7.25176866395201,0.254097,0.0992436
6.5515501196663,7.45771082815961,0.241838,0.112579
6.55159192668231,7.45771082815961,0.310492,0.207118
4.11408077460725,9.06591930776841,0.241883,0.0968376
5.30294866190107,11.8359135050118,0.122292,0.0550717
6.00534583053936,7.12518557316976,0.155073,0.0578097
2.07020385063619,5.57395476763817,0.249445,0.272916
0,0,0,0
5.17758603560181,7.03074267874715,0.0734948,0.0728164
2.19934280943266,7.02608807527813,0.280719,0.29947
4.33636204236102,6.31438395527516,0.531429,0.298555
6.9300070390328,10.9394793432722,0.453796,0.36877
2.3762025190037,9.61226216329359,0.512902,0.402471
3.16764322068667,8.82135283995306,0.451925,0.355097
2.92145110645903,8.92698528640851,0.467718,0.362496
3.00046001238779,8.60045063603063,0.516457,0.416692
5.690326749701,9.51221886097096,0.574024,0.495645
4.74441487911996,9.51604419885074,0.48731,0.397733
2.10922594553235,8.98589082616428,0.635925,0.543216
2.4659258734901,8.62656455773095,0.536356,0.4386
1.74607052123457,8.19367383280654,0.408293,0.338087
3.02305633714209,5.92606171221894,0.364925,0.218778
2.83339861315229,7.77767794818663,0.436256,0.381344
4.20679702782326,10.2143054787556,0.520201,0.482798
4.25036443721825,5.27984355285495,0.441591,0.439505
4.04462713808508,7.05558709228142,0.377499,0.39311
4.25902545420192,7.1208435005982,0.360031,0.356473
4.24816517671039,8.48929189474756,0.322515,0.334836
4.015247040161,6.93914998541127,0.374986,0.384395
4.351009082649,6.8357909731209,0.388311,0.387447
4.43481361490215,6.89337768992236,0.375762,0.373561
6.2535235500558,7.43469084807796,0.454008,0.419548
3.02249605957828,5.92606171221894,0.334824,0.20585
5.59474770686424,7.07714852063152,0.439217,0.407675
6.6093175196985,7.61245986141794,0.445588,0.404215
5.24442595041021,6.46191221894357,0.363409,0.344171
6.12998511059445,7.13345898140036,0.424329,0.400147
6.13169204571636,7.13345898140036,0.413264,0.367513
6.54989405388932,7.41901201345586,0.408172,0.360887
7.28451211684055,6.75292574959282,0.470582,0.396973
5.93319170764685,7.28926738374981,0.520488,0.435902
6.51936953691406,7.57689359986507,0.395594,0.355667
6.45181378903855,6.5461024820551,0.430433,0.357937
3.35839272984818,9.05002659695122,0.519642,0.375988
6.45801128434489,5.82837212484098,0.441928,0.379382
6.458052859215,5.82837212484098,0.557604,0.500499
3.89360076856029,10.8947502132542,0.545727,0.405055
4.94327056628902,12.2263487110264,0.377649,0.36253
5.72044748030753,8.80775913027136,0.478014,0.396011
2.37049472003439,5.89240323657177,0.200019,0.152502
0,0,0,0
3.02569101810299,6.12236466336172,0.31248,0.321005
8.625232082329,7.75100322167386,0.555662,0.312311
12.1026494235925,13.6353428936181,0.487934,0.396219
7.51736479119477,10.4036015311006,0.541046,0.424511
8.31899042363057,10.9726107290709,0.478639,0.379425
8.04987376759942,10.0691121519353,0.497397,0.384469
8.12504980369073,10.8355952772467,0.537384,0.439024
10.8153760388285,12.4959350777618,0.598431,0.511203
9.82104741356258,12.6198586818504,0.51764,0.421448
6.89266185050238,11.0576916845169,0.650676,0.553177
7.32545474797483,10.4525719468517,0.560756,0.461289
5.68472132854827,9.12640742049124,0.428563,0.356779
7.40949162371521,6.39766740690486,0.391214,0.227448
7.16582601554402,9.23106468720756,0.453276,0.398368
8.66800285570711,11.8391223624537,0.540905,0.500755
4.13277033717854,6.71337673122339,0.473031,0.459923
5.4949769483883,6.60492089516878,0.410742,0.417167
5.18825201185216,6.31336449303758,0.386291,0.381458
5.23462289254128,7.07779689466015,0.352248,0.358632
5.86504152718899,6.74566958181628,0.418918,0.414031
7.81583959105272,7.96871219501722,0.427908,0.415565
7.94807642017771,8.02424954363519,0.404523,0.398663
5.05127220922072,4.57845067750761,0.473762,0.440366
7.40925862403552,6.39766740690486,0.360407,0.211003
9.25010097864502,8.66320916971808,0.467672,0.435661
5.07939882678358,4.29398928787232,0.477663,0.431362
7.73456943025971,7.24910726798667,0.392008,0.367453
5.96941305435788,5.17395099920078,0.45636,0.428221
5.97118117326663,5.17395099920078,0.440796,0.394159
5.89340383888877,5.00671488450945,0.429775,0.385221
5.67488135109864,6.62167801609462,0.498944,0.424761
6.99246145206395,6.55045174229148,0.546795,0.461757
6.261345699545,5.86051228970151,0.418679,0.377697
7.78733196754899,7.08540149510085,0.446918,0.375377
8.53463948591845,11.1401680081033,0.535972,0.39261
7.79251868460118,8.01371694901529,0.461996,0.396881
7.79255348402444,8.01371694901528,0.573906,0.511957
8.67689142690793,12.1889185550559,0.568329,0.425963
9.8989877959683,14.048269006011,0.411852,0.39005
10.7524787411747,11.5401452343573,0.508336,0.424469
4.12810914438808,3.87651307455904,0.224407,0.158656
0,0,0,0
6.16682621002499,6.36690272441006,0.298501,0.203484
9.09039329379792,10.5602711192311,0.105169,0.0234296
4.49758507065958,6.6269283809549,0.14956,0.0600339
5.29991371482705,8.02822770899538,0.109876,0.0213815
5.02667480142231,6.89139233619254,0.128601,0.04385
5.10127089699998,7.65408254038417,0.154311,0.0659994
7.78996495527903,9.31118681978392,0.17494,0.115225
6.79640978944305,9.55921205602398,0.114908,0.042913
3.88930352513207,8.33589407673062,0.231548,0.156432
4.31718119953673,7.74820363679649,0.1381,0.0621813
2.77831757864483,6.96597803888236,0.097278,0.027871
4.85787841112314,6.84151390582888,0.280452,0.270639
4.26263243738523,6.7973091216998,0.128095,0.0727283
5.77162655014298,10.5028318944562,0.17836,0.10524
2.99386848224301,6.22190382664905,0.166993,0.096951
3.61861591438336,5.22675203313361,0.105534,0.0521588
3.56720531169814,5.05993251888836,0.0662812,0.0302079
3.58683264642885,3.67695573539795,0.0801288,0.0242499
3.82914791959022,5.15940636259859,0.0322245,0.0201566
5.23233039953715,6.02703095342968,0.0631093,0.0237843
5.35268008125047,6.17577627982139,0.0923689,0.0343423
4.85993871999997,4.78663144158156,0.19811,0.0790641
4.8574768161314,6.84151390582888,0.274729,0.263463
6.65206090763986,7.01828929978652,0.138215,0.0489629
5.12969479825166,5.23229271593451,0.173034,0.0466808
5.57205909030503,5.12848158299293,0.154883,0.0366644
5.15535632591416,5.52381713225793,0.157514,0.0446755
5.1572649609141,5.52381713225793,0.16027,0.035431
5.40272978572032,5.79119526220592,0.192193,0.0457443
5.83142500056675,7.87503366487712,0.217252,0.0455674
5.52578479353215,6.96994142804305,0.263312,0.0839576
5.53897667241713,6.06633611618859,0.194918,0.0568202
6.2266291406776,7.15995985871425,0.251727,0.0720005
5.5325676137537,8.52362574368311,0.210606,0.0695402
6.23273307234778,8.32249822409882,0.239133,0.0863735
6.23277402032125,8.32249822409882,0.309762,0.187223
5.95798405076035,9.99958223171217,0.184228,0.0645028
6.89102152732374,12.580795354493,0.084668,0.0228277
7.89714224404292,8.71986521892484,0.0963426,0.0235297
2.29919219833088,5.7202442762989,0.287682,0.316057
0,0,0,0
5.5628072593279,9.88819893608965,0.460813,0.256925
3.85176041143215,8.46212425836773,0.507645,0.285392
3.85534193908054,8.43217678327606,0.462222,0.246847
3.99004315486395,7.69654771498395,0.4596,0.256132
4.02947041309286,8.63779991998939,0.502982,0.298562
5.2434942114297,8.96595945983598,0.552964,0.366809
4.98456119983526,9.7120739884166,0.495515,0.280253
4.88691981360984,9.45071767915052,0.637938,0.411109
4.82144181449148,8.48447140041415,0.542852,0.312147
5.65972440773623,8.16081024942017,0.439997,0.237015
1.32363780481275,3.72634815251607,0.342405,0.249516
5.78936835649027,7.55724043310814,0.449036,0.281103
6.31612611232751,9.64470265735049,0.557654,0.35628
8.58652297031363,8.76269405572023,0.49171,0.328095
8.22820254280349,7.40606788020224,0.451863,0.282451
8.51342960048097,7.48416597116583,0.416794,0.251701
8.49470445252482,8.26357089096493,0.389371,0.234726
8.10152578277876,7.25654518658975,0.443395,0.265906
7.52678993535545,6.97252934158595,0.452157,0.267283
7.54529031877627,6.96555817953702,0.442183,0.26362
10.5891534911753,8.82123487607218,0.541128,0.307196
1.32412956454234,3.72634815251607,0.341296,0.233748
8.24857093985584,7.39252922458552,0.504023,0.292532
10.9454248658463,9.02678395831723,0.524173,0.289446
8.8316258497014,7.18649810707443,0.449809,0.248409
10.400479868438,8.15297224681386,0.514208,0.285262
10.4020952970491,8.15297224681386,0.507461,0.262159
10.8544925355471,8.52746729472766,0.511643,0.262655
11.6206189036134,10.7620566622797,0.572211,0.282936
9.97871240468814,8.25305300940529,0.611532,0.321586
10.7834257977311,8.94215719560113,0.487914,0.262423
10.3529635212771,8.70250370534281,0.532622,0.269513
3.4939641437654,8.55742829107512,0.522442,0.276331
10.3588064747161,9.47366432451894,0.533183,0.287305
10.3588456723876,9.47366432451894,0.615256,0.400714
1.21605804708197,9.78481757531388,0.536042,0.292723
5.60975413184258,11.3088376099956,0.440551,0.253702
3.02351932568219,8.15818597168804,0.476126,0.271542
4.51502200575637,5.18125268720016,0.409528,0.283278
0,0,0,0
4.59625689869591,6.50563180753115,0.0697386,0.0487137
3.79471296035333,4.06390393894351,0,0
4.08209834333761,4.60656708974164,0.0274099,0.0285293
4.01265051607904,6.68006911497148,0.0762432,0.0540477
1.51507070728708,2.08626126291734,0.0804283,0.102574
2.54399503458388,5.50353830115756,0.0254013,0.0233265
5.44227975871758,7.2133174630493,0.187772,0.159091
5.01882111374482,5.0310726899024,0.048532,0.0397011
6.81059898890379,6.74602130492064,0.01966,0.0112841
5.80654427778237,9.95090319743917,0.448304,0.334541
5.66395828275519,5.46909329209663,0.0938168,0.0631638
4.72729404779601,6.57101114271091,0.142839,0.096224
10.0257140089753,12.4357922967647,0.299274,0.104438
8.86223910599233,8.49786479564107,0.174926,0.0463456
9.32956052794285,8.90417598499847,0.108773,0.0233476
9.28269408294189,10.7431399098725,0.168328,0.0209797
8.50281965997479,8.13800596333795,0.0853229,0.0102772
6.56252267135156,6.47515287466684,0.12152,0.0147013
6.47819866961866,6.47252400501807,0.135207,0.03012
11.7060341747843,11.9950910775613,0.344257,0.0859666
5.80621410722287,9.95090319743917,0.44334,0.327571
6.20832169909541,6.61594153390791,0.232744,0.0479046
12.1341644674606,12.5739085974001,0.308973,0.0477397
7.9880357318442,8.5437726712274,0.261143,0.0379507
10.9286787790226,10.4856518396384,0.266816,0.0418299
10.9295480353712,10.4856518396384,0.271231,0.0317616
11.5303521418728,11.0589622596277,0.315376,0.0473374
12.6505189063444,14.0715705682142,0.356294,0.0447114
9.79210457076956,10.7691341192521,0.37816,0.0854707
11.2181187678557,11.5086122599502,0.297512,0.0570469
9.72906720844722,10.6589568198824,0.379508,0.0780105
3.57310899323211,4.2493279514077,0.0610861,0.0532242
9.73283818911784,11.4448305403153,0.359239,0.0962873
9.73286349420905,11.4448305403153,0.42471,0.210259
4.51379214256076,5.75360791706083,0.0604532,0.0421695
2.89215273639724,7.90799561547749,0.114047,0.0161904
2.69197438380346,3.40338490731996,0.00153633,0
8.69808141573603,11.1288698304001,0.449398,0.388822
0,0,0,0
0.8023891260509,4.76633741339671,0.0733452,0.0477824
0.547293246101761,3.93589422734695,0.0757496,0.0666052
0.627732368876008,4.47320001965496,0.114165,0.0997518
3.31457080687901,5.61903041821825,0.171706,0.16084
2.38119751063981,5.77319581899235,0.0889901,0.0724316
1.18091129489231,5.37488250388164,0.255758,0.211628
0.986395852762077,4.95795242148434,0.130328,0.101547
2.42099860940621,5.32344350851611,0.0906281,0.053926
2.94457641644045,8.34444001812347,0.502734,0.367303
1.98027838726521,4.57969430073917,0.136936,0.104756
2.57012190178456,7.49990137575106,0.225653,0.153895
5.73370834111846,9.89552460072815,0.350774,0.154486
4.8954589302426,5.92433784548252,0.231079,0.0983671
5.2889169374841,6.10092480455633,0.168144,0.0705491
5.25445479484317,6.16627324080025,0.219007,0.0657341
4.65316503239662,5.66852662230685,0.163937,0.0664658
3.68609395990138,5.25025251888528,0.199646,0.0692972
3.69836366386365,5.31587500990528,0.209561,0.079245
7.61324019981281,8.8702586610819,0.404611,0.137024
2.94388862383976,8.34444001812347,0.500096,0.359811
4.43650407352733,6.24928261867854,0.308611,0.106672
8.02139229930139,9.45251231081583,0.377061,0.105169
5.04314860713925,6.58024616923332,0.310155,0.0838289
7.11487502273713,7.62168240434057,0.339063,0.100047
7.11620285467349,7.62168240434057,0.336636,0.0872167
7.6543646876173,8.10742248354485,0.362119,0.0969438
8.6260885931567,11.4273324550189,0.424547,0.103236
6.39527391098529,8.08247582399241,0.438421,0.14567
7.4685261715099,7.53898150178956,0.345714,0.10428
6.65684930851802,8.5478441183258,0.424782,0.123647
1.0995905281823,5.13485599543976,0.119801,0.0952722
6.66235247023757,9.81703617573486,0.411799,0.141263
6.66238939129052,9.81703617573486,0.477161,0.25861
2.83413226912604,6.58302759078182,0.139883,0.0890929
2.66351492710667,9.11672826190877,0.193907,0.0655936
3.87701340700783,4.92570143100398,0.0619553,0.0548305
4.47306043167338,8.4182419950378,0.493244,0.412428
0,0,0,0
0.317826229947027,2.71527669070898,0.024541,0.026355
0.279944513476622,4.71748800548403,0.0767119,0.0508797
2.52665094665666,2.57038782657225,0.0954048,0.101708
1.64621001797122,4.43395202616398,0.0132831,0.0214495
1.79357082684876,4.39138981658524,0.165252,0.151942
1.44704312243626,1.22578917119834,0.0205751,0.0424382
3.13199114771113,2.96854883799057,0.0105103,0.00717712
3.19298591957376,8.37895230528425,0.449235,0.324846
2.38132865628867,2.28748507036141,0.0908026,0.0591677
2.4787887438718,4.98863535889684,0.127877,0.0903737
6.43846280883541,9.94695312616899,0.301789,0.0979322
5.49791725550084,5.50626060605789,0.175366,0.0449342
5.91743651219952,5.83607704530944,0.113862,0.0217629
5.87903420185324,8.81623982729992,0.18412,0.0208545
5.21750859428997,5.29644760414144,0.0864222,0.0119641
3.93095265170934,4.52168678988758,0.13519,0.0162111
3.91568419673035,4.55465728114661,0.149672,0.0281245
8.27231090238315,9.56413402027107,0.347822,0.0829971
3.19235006274524,8.37895230528425,0.445867,0.316915
4.43168548987684,5.89104426331277,0.247538,0.0483867
8.6874906481175,10.146586971099,0.317529,0.0500857
5.36453647994814,7.01967708783734,0.272341,0.0371832
7.69828806414576,7.95035671387532,0.290241,0.0425028
7.69950839362989,7.95035671387532,0.28279,0.032958
8.25772023010355,8.47550734146293,0.319307,0.0468061
9.27224054609195,11.5418701994291,0.368647,0.0469506
6.86341837243933,8.3784308450041,0.380557,0.0860166
8.03840000305442,9.06985365080725,0.307025,0.0574469
7.04774021521408,8.80982655229348,0.387573,0.07539
0.45596042969072,1.22928517244481,0.0580354,0.0501803
7.05291116495262,9.57234500389809,0.364673,0.0923386
7.05294585884511,9.57234500389809,0.425381,0.200053
2.70637064612525,3.83859368060991,0.041205,0.0385527
2.04235327338541,6.80264715280266,0.126046,0.0169586
3.2841374393251,3.30527090987718,0.00200428,0
5.18050766075785,8.70667112027425,0.445492,0.374812
0,0,0,0
0.0815070812003465,4.93863205836537,0.0715513,0.054214
2.77208857816369,3.69960251711423,0.114185,0.125161
1.83485982136706,5.87096454844324,0.0553828,0.0485305
1.47594805949309,5.76073649915789,0.212479,0.175028
1.13716760786385,3.16778935456988,0.0907689,0.070957
2.81561332248458,3.94105470391617,0.0552437,0.0353773
3.23155574185907,7.56667602364486,0.458657,0.332478
2.09016148841076,2.67452607964034,0.128805,0.0825496
2.32699020290328,6.32223371442368,0.200924,0.12205
6.12092295549727,9.41207782510928,0.346873,0.124714
5.18454222617293,4.92439195167215,0.23382,0.0730666
5.6019569182285,5.192619888105,0.173058,0.0515173
5.5638472082608,7.53012074532271,0.221282,0.046653
4.90822653586396,4.57493495068807,0.142151,0.0428402
3.68348903154092,3.73576297693021,0.190938,0.0450649
3.67551218905062,3.81440099379554,0.210353,0.0589292
7.95528413193348,8.405659808902,0.401079,0.110891
3.2308944902834,7.56667602364486,0.462111,0.325751
4.2620005945506,4.92277667514576,0.306132,0.0793337
8.37018189779967,9.03175273854266,0.372101,0.0787939
5.10163789121921,5.7105032248145,0.318084,0.0662298
7.38781573602456,6.9892925692669,0.341163,0.076104
7.38904945981556,6.9892925692669,0.340781,0.0638135
7.94511510469936,7.55098789950736,0.369768,0.0765643
8.95603833654821,11.0674032513935,0.419943,0.0792319
6.57061438796503,7.96628488227999,0.433989,0.11643
7.72974513842155,8.3471700239952,0.351827,0.0841099
6.77091411006082,8.21332785469196,0.426408,0.103052
0.74553031936665,3.29378849139225,0.0925743,0.0732107
6.77616326021004,9.21029532952531,0.409455,0.118165
6.7761984785374,9.21029532952531,0.46437,0.221584
2.8786029613356,5.14634330880372,0.0809365,0.0654284
2.14607649293492,8.34230121155283,0.18191,0.0459278
3.58821316768825,3.7201628182358,0.0457177,0.0291036
5.00576403205898,7.83677567853529,0.455599,0.377464
0,0,0,0
2.6948100026966,5.27346019157489,0.183163,0.166643
1.75383436137145,3.11503302774032,0.123771,0.0799728
1.52090177008272,3.03525434743362,0.279178,0.219506
1.16743866730161,5.00695552646792,0.145223,0.106488
2.86889214728955,5.56855400456319,0.0906257,0.0555994
3.29048238606356,8.52617212396056,0.504086,0.380675
2.10458994746881,4.70027379741479,0.159834,0.106823
2.28678615901587,7.40450343739561,0.249761,0.159843
6.17022413655025,9.11930226828628,0.373865,0.160537
5.21891269164364,6.28428795728827,0.249187,0.102251
5.63975620922086,6.50527201660363,0.190745,0.0742992
5.6011019022682,7.83315242730351,0.231699,0.0674447
4.93760808876219,6.00281004501035,0.18553,0.073891
3.67590768349892,5.34143316263688,0.221293,0.077289
3.66493154442827,5.39701034801307,0.230732,0.0860363
7.9966878915557,9.26449870890837,0.417861,0.142735
3.28982514156597,8.52617212396056,0.499486,0.37413
4.22807541967053,6.17605204874665,0.33466,0.109904
8.41256061635247,9.83967764229946,0.40139,0.108805
5.1012126514167,6.58768281574637,0.334404,0.0880879
7.41848713889492,7.99073889142165,0.358351,0.106447
7.41970570424617,7.99073889142165,0.358648,0.0913659
7.97837852440571,8.49110964612562,0.384631,0.102133
8.99524707519102,10.8072946026231,0.438431,0.111138
6.58665663594237,8.12808885202029,0.464675,0.150302
7.75846154329471,8.16625579862306,0.371141,0.107766
6.77757615910578,8.15863185151989,0.435012,0.125757
0.727660093919912,5.08053424435032,0.14004,0.0971916
6.78278417673648,8.85027924957108,0.428877,0.143597
6.78281911933931,8.85027924957108,0.498285,0.260373
2.90757459706887,7.17303834448529,0.14888,0.0957368
2.06621496601785,7.86888494116345,0.213898,0.0714608
3.56351271759457,4.16138517982032,0.104047,0.0629727
5.0871903141897,8.78896337871351,0.484961,0.424697
0,0,0,0
1.05219261271111,4.26852227737765,0.122102,0.136756
4.02120287930863,5.7137970690102,0.32937,0.305375
3.58800229825126,3.54495574337237,0.178052,0.171736
5.37729158085982,5.32590405977155,0.110903,0.103101
5.13858693277237,9.11128744847686,0.55905,0.455108
4.16867718710975,4.03446167400675,0.158987,0.156726
3.22142764199834,5.88885949853598,0.278248,0.227912
8.54419148259925,11.0185707067994,0.400905,0.216516
7.35426128347908,7.18021358858914,0.266214,0.15735
7.82431752520733,7.5782967611783,0.210159,0.122684
7.77681407364691,9.81474624298242,0.253184,0.112078
6.99100946000645,6.8370283559028,0.192474,0.130948
5.05910717873816,5.32140575786609,0.234046,0.130908
4.97862033428826,5.34245856231262,0.244537,0.131863
10.1985028302057,10.8524721659095,0.44781,0.199303
5.13811468065947,9.11128744847686,0.55858,0.448323
4.7988130095208,5.82164012160823,0.357332,0.166164
10.6272426168639,11.4453023786867,0.418852,0.1665
6.4966777852895,7.47827886195815,0.348458,0.129283
9.41362709347717,9.30465564706592,0.385487,0.156127
9.41449508125001,9.30465564706592,0.373976,0.136628
10.0155438697803,9.88273986185525,0.40931,0.14418
11.1383928372755,12.6878938353138,0.475646,0.163352
8.2854183327824,9.58367782767233,0.506364,0.202105
9.70337784685529,10.3204649409394,0.384129,0.146391
8.2425116052582,9.45546151238098,0.45691,0.164904
2.4348006518348,3.0437544921963,0.1591,0.147709
8.2464441209876,10.1696852165775,0.447509,0.183326
8.2464705107668,10.1696852165775,0.5212,0.311838
4.05787731181472,5.34498458007646,0.167886,0.150286
1.39353110509803,7.44710662580032,0.219855,0.118256
2.95184097201553,2.47668332643133,0.11216,0.118812
7.66012253419878,10.0496725584313,0.529305,0.486771
0,0,0,0
2.98300278193445,2.9351920022641,0.201456,0.188339
2.54733062178582,4.79325121961289,0.0610872,0.0710402
4.33148392723359,5.93434121320658,0.0257869,0.0286814
4.62437073867417,9.79972100745233,0.485009,0.363093
3.12158158216195,5.22473070694637,0.0951615,0.0797468
2.29367150522501,6.50290021083672,0.164319,0.127226
7.49323707335545,10.9968003406622,0.308908,0.128903
6.31926633822314,7.68244713618498,0.186952,0.0683961
6.78567115565087,8.01834016586581,0.121606,0.0450292
6.73892134619026,9.76599817047358,0.184489,0.0400094
5.96384226650248,7.45176237721331,0.0959963,0.0422132
4.11829267444211,6.431411356154,0.147548,0.0438522
4.04999687778175,6.44145743714923,0.154114,0.0542986
9.16262202268358,11.1970740356799,0.366187,0.1128
4.62381019681278,9.79972100745233,0.479784,0.35625
4.05390413913126,7.1136436272068,0.250455,0.076137
9.59053099731916,11.7285181689162,0.32362,0.0768853
5.57919522801326,8.28049425018304,0.277238,0.0582515
8.4037628257278,9.67080172505664,0.295636,0.0714159
8.40468756294405,9.67080172505664,0.28363,0.0598549
9.00096781035825,10.1712043059614,0.327905,0.0720277
10.1110857271331,12.4890476727367,0.37756,0.0755491
7.32237477465895,9.42026479003528,0.392329,0.117256
8.7024522201964,9.85014073635704,0.311533,0.0803654
7.32811923749055,9.59372264182023,0.394414,0.0986576
1.70438509420226,4.64296508993856,0.0874097,0.0697415
7.33236902127952,10.1884092592969,0.372724,0.115454
7.33239753941979,10.1884092592969,0.439969,0.231257
3.76851134633163,6.5941786133879,0.0863347,0.0655188
0.676265677561948,6.42103495388449,0.127475,0.0394193
3.28772629966629,3.99192990475159,0.0216253,0.0298167
6.82527292155011,10.441026837363,0.47394,0.409089
0,0,0,0
0.437328314376667,4.12444293238336,0.278747,0.23284
1.36974915121792,4.39602945526025,0.164008,0.146773
3.82210497551038,9.36400567850337,0.63377,0.501849
0.932894853786789,4.54269272438293,0.226117,0.198873
2.104934984462,6.25129363430208,0.347172,0.288204
4.65165834964176,9.9707051725341,0.444784,0.273173
3.72679778066971,6.27511354715595,0.327257,0.208853
4.13332276899095,6.48817052354219,0.230647,0.169637
4.09658874400896,8.84501738893759,0.302676,0.161633
3.47418673929134,6.22396286971964,0.261836,0.196008
2.68189817571872,6.1116614914366,0.293913,0.196325
2.7214054849751,6.13794237157839,0.293223,0.187445
6.48031512509198,9.90441220494409,0.477687,0.25391
3.821407270239,9.36400567850337,0.626167,0.496255
3.6791469952027,7.48050821713123,0.406645,0.2283
6.89454652660424,10.4030221526984,0.46102,0.227137
3.94488058220002,8.00100354191737,0.38328,0.178661
5.94176977604633,8.35731638928833,0.426055,0.220125
5.94306826966051,8.35731638928833,0.414765,0.193871
6.48830498032921,8.76422790050975,0.43537,0.196228
7.48364175861708,11.2501366167726,0.521894,0.224829
5.22131753832672,8.26211916994996,0.528779,0.265653
6.29228831712403,8.50433109659152,0.413867,0.194726
5.50857843524371,9.02155654392985,0.480608,0.210581
2.20117717587414,4.5408798978159,0.242031,0.186785
5.51421105678284,9.65156213170061,0.46865,0.22827
5.51424884635275,9.65156213170061,0.544593,0.35894
3.95836833528702,6.10414773386566,0.262071,0.202764
3.00633412565188,6.32433983960283,0.261632,0.174948
5.03342510981061,5.36027620532083,0.221465,0.184603
4.46498635436146,9.24673840106735,0.583358,0.521052
0,0,0,0
1.79285380614816,1.93681823658475,0.0426647,0.0474213
3.84166988883314,8.40863768401872,0.527343,0.398791
0.996249296341917,1.91104998551321,0.127624,0.105414
1.82478873916783,4.64588910962338,0.20277,0.16207
5.04444844488149,9.73822039934428,0.356949,0.158745
4.05211678402964,4.91339014991899,0.228352,0.0942149
4.47650613506492,5.22071141904988,0.148191,0.0634977
4.43707189665212,8.66906264705787,0.225411,0.0566548
3.77119601397055,4.80400461481327,0.13958,0.0576099
2.70616878278037,4.44335581144102,0.19366,0.0641438
2.7241642442263,4.47649969899074,0.201028,0.0751372
6.83974156961505,9.1422497036855,0.404151,0.140364
3.84097211748659,8.40863768401872,0.521948,0.39168
3.55006367372214,6.06540113371646,0.30468,0.0982262
7.25794346770626,9.69259556767446,0.372698,0.0989677
4.05747047970293,7.001626514228,0.32063,0.0772685
6.25139143125596,7.41705163876945,0.344172,0.0965565
6.25261621202917,7.41705163876945,0.331108,0.0794783
6.8110363873667,7.89883527409978,0.365906,0.090022
7.83355688945305,11.0874817491801,0.425731,0.0986119
5.44998076597771,7.87806219645736,0.44319,0.143316
6.59261694729688,8.55760144971566,0.352285,0.0968164
5.68359297781058,8.54018419029774,0.427821,0.12056
1.8815071662453,1.72130076994829,0.0928845,0.0923281
5.68901698700833,9.32477833497231,0.418004,0.137585
5.68905337835158,9.32477833497231,0.499428,0.2675
3.82052055981091,3.87837574595332,0.108068,0.0926861
2.57443091123066,6.65786088168677,0.169716,0.058651
4.72502428725389,4.20462483067203,0.0406095,0.0497619
4.7912563050125,8.41182259028963,0.510467,0.443228
0,0,0,0
4.43101698955901,8.00262257438736,0.425947,0.312216
1.48890012563143,2.07061072193946,0.0838845,0.0622611
2.99874064178724,4.76933817620549,0.111152,0.0938016
3.31381478816393,8.94640909278438,0.269784,0.098922
2.58733717720239,3.70665546863674,0.159855,0.0477201
2.926242576544,3.91738281720744,0.0898969,0.0285751
2.89838305796433,8.03249793645681,0.156758,0.0256123
2.44209041553545,3.80106128499599,0.0715626,0.0191198
2.66918604302587,4.30547076700879,0.108374,0.02021
2.7674724741921,4.32342932672367,0.132059,0.032074
5.20425842819698,8.0976322299602,0.306395,0.0809345
4.43036227422098,8.00262257438736,0.418736,0.305101
4.00619626346602,6.32709283598256,0.214853,0.0530803
5.60765001661114,8.56845234339086,0.286638,0.0514146
3.49987142380639,6.84704700179033,0.248696,0.0385315
4.79833533926307,6.33219457571109,0.254779,0.0471792
4.79982113329324,6.33219457571109,0.243753,0.0366012
5.30315334331799,6.72746695298974,0.28107,0.0475326
6.22453084216704,10.0849014660447,0.325106,0.049184
4.33501101146888,6.76641251352644,0.342685,0.0890463
5.1700615574166,7.50710958923174,0.277038,0.0585513
4.78089440597754,7.98813194046603,0.347533,0.0735532
3.50785801578761,3.19664825012397,0.0787146,0.0543215
4.78699202018362,8.82196105695616,0.330189,0.0894656
4.78703292597659,8.82196105695616,0.387525,0.189211
4.924552648527,4.59729467500995,0.0641656,0.0468286
4.28580168992081,7.08035659289364,0.103211,0.0212017
6.28850314524281,5.53926953434586,0.0204116,0.0103704
3.97078219940494,7.46727471193961,0.413704,0.353292
0,0,0,0
4.75147384211014,7.46028627647431,0.441739,0.354839
5.50990683797254,9.81386529473191,0.529488,0.443255
7.27252338926085,8.22388868880726,0.45186,0.405357
6.96969982003997,7.1723128402107,0.404747,0.358782
7.23508082234928,7.21039328444482,0.374592,0.324074
7.21876637381158,7.96991681305676,0.341858,0.305547
6.86806108674834,6.99499969849925,0.394679,0.346868
6.50286258010189,6.6881668553357,0.406092,0.34946
6.53758052763855,6.70615330728817,0.394198,0.339278
9.2760979219926,8.0604661345662,0.490141,0.386756
0.000698876650170325,0,0,0
7.37372111056404,6.93700423057255,0.449203,0.369863
9.62869039327435,8.28809223611984,0.470104,0.366755
7.73007919536281,6.93291367454107,0.394333,0.317065
9.11948384530432,7.52884432407467,0.456736,0.361478
9.12113422559573,7.52884432407467,0.447904,0.335083
9.56035538847568,7.90002070570263,0.449349,0.332074
10.3064773670829,10.1114368950672,0.505793,0.359537
8.76575672394656,8.15309177731388,0.545972,0.398975
9.50515996046309,8.35153736884873,0.43268,0.330692
9.18186660275718,8.22177147257545,0.479857,0.33558
2.94999406055775,8.37542698579374,0.522624,0.34951
9.18783870257256,9.03406171881801,0.481339,0.354168
9.1878787662654,9.03406171881801,0.58428,0.47244
1.40321687558659,9.53583115542743,0.533212,0.372482
5.16675709655499,11.6225014659276,0.394939,0.328845
3.62855781217124,7.97907582782899,0.459583,0.355212
3.36259337387335,2.95194028024538,0.231571,0.185312
0,0,0,0
1.51000315542538,4.54150620967075,0.166981,0.14799
4.38191473961744,8.60644879799024,0.258589,0.145163
3.21810838097576,3.38066844286079,0.150962,0.0943489
3.67402184670362,3.75148405156444,0.0961018,0.0728435
3.62903723848731,7.54891920214131,0.155047,0.068095
2.89125892545825,3.1744429144455,0.0942796,0.0738034
1.75148606591329,2.69825136690619,0.111517,0.0744848
1.78859087737954,2.70285332670226,0.123844,0.0816452
6.05333815106277,7.78510699112431,0.28712,0.126576
4.75077549345681,7.46028627647431,0.433681,0.347525
2.79187475305074,4.57296646404573,0.203321,0.100895
6.4792941909889,8.30502597242621,0.26271,0.100882
3.06323134689508,5.52911594787476,0.224653,0.0814945
5.36856661972355,5.87504220796799,0.239075,0.0974065
5.36966922375776,5.87504220796799,0.225549,0.0837073
5.94719491737971,6.38842060017531,0.269821,0.0921406
7.01917675219444,9.82412988354425,0.31015,0.0996206
4.48214494750261,6.25143490702362,0.327179,0.134712
5.69428371054285,7.09948323127556,0.252129,0.100732
4.69112628548264,6.97685094641211,0.321616,0.116514
2.83200119865424,2.89729221294733,0.154531,0.0992935
4.69649751232203,7.91790339171988,0.305651,0.129564
4.69653355120293,7.91790339171988,0.364252,0.226671
4.81273166297974,5.12104752599895,0.1557,0.0974828
2.93703283620344,7.25232753472477,0.111491,0.0678902
5.66148774064281,3.98470069308922,0.0903451,0.0670409
5.19989355373045,7.36560338771536,0.426561,0.389884
0,0,0,0
5.64760390493973,11.785128528065,0.301779,0.195428
4.29357371928568,6.50818672223755,0.15376,0.134739
4.78046904420989,6.86622292997287,0.129118,0.102866
4.72826925915351,10.9430838025207,0.168655,0.0969413
3.89363858828603,6.53397570127255,0.134467,0.11231
1.83794491197623,6.09690907669889,0.143252,0.110991
1.76120540867091,5.92875026003342,0.14878,0.111341
7.11100653676954,11.1444940525478,0.318048,0.166853
5.50922439693872,9.81386529473191,0.515754,0.435576
1.95708138806438,7.40000841761616,0.230085,0.139711
7.54166704409368,11.4616927519189,0.296356,0.135989
3.28784066295354,9.10944619546473,0.241356,0.104868
6.23918097378064,8.71725309268861,0.264097,0.129101
6.23992377989003,8.71725309268861,0.249723,0.105752
6.84966965673124,9.06964684668001,0.269706,0.117286
8.0066087019745,12.4859592735147,0.336099,0.128392
5.06496678234953,7.72477256538391,0.353847,0.169471
6.51161512688337,9.44314213237483,0.265258,0.120398
5.03692150723938,9.34647171179287,0.337425,0.137567
2.89366870736528,4.82773434987394,0.21346,0.14017
5.04109087012428,10.0684297907619,0.327659,0.158942
5.04111885363723,10.0684297907619,0.417785,0.290707
5.18453628069146,5.58764051349187,0.220883,0.139308
1.83559636667925,5.0299452104392,0.118691,0.097174
5.41389171083656,6.00535465610672,0.131385,0.10786
6.5691801208499,10.0359039888572,0.497282,0.477196
0,0,0,0
1.5328096815633,6.79040372708221,0.130735,0.119999
1.11267245335725,6.65091822721185,0.141826,0.09557
1.16659611837399,6.87813264156498,0.0980293,0.083348
1.96452419997321,6.69963385075126,0.138514,0.0983115
4.239583022286,7.30012142332846,0.125668,0.100089
4.37505146647826,7.40218152210114,0.133008,0.0977546
2.00383774145708,5.1064079455036,0.184163,0.14735
7.27197098000844,8.22388868880726,0.433158,0.398352
5.57689210051323,7.80350623114457,0.149075,0.122071
2.36350365968237,5.29979246442232,0.140122,0.113184
3.7456221273644,6.19141165149266,0.110819,0.0879977
2.17203127211057,6.36353220092465,0.137947,0.109236
2.17395276837909,6.36353220092465,0.129551,0.0923833
2.41828403235646,6.48706414767813,0.147282,0.0977878
3.03414770702552,3.92262245684427,0.16843,0.107642
2.87472659452492,7.05396647241199,0.22902,0.149311
2.55001152853823,6.80577434409589,0.149265,0.10591
3.66305123409229,6.15654446500917,0.182217,0.120821
6.82141029636516,10.3537551103008,0.401437,0.142053
3.66840532521401,5.38716100276301,0.183722,0.134595
3.66844125173438,5.38716100276301,0.290714,0.254434
8.05827816138603,12.2860047372757,0.395422,0.145044
7.30843253197926,14.2165794715198,0.129719,0.0883759
9.58932688725121,10.1105328350886,0.299225,0.113227
5.28184771389874,7.14527827987476,0.443573,0.442217
0,0,0,0
0.489782740982461,0.492858930027399,0.0493059,0.0429613
0.435811657660597,5.98378353349784,0.0350806,0.0340851
0.436787232986523,0.58813916995458,0.0406658,0.0404109
2.74429418063132,2.75126288252308,0.0324549,0.0418556
2.87768047987101,2.776258180384,0.0329997,0.0461786
2.84424687395388,4.98113853479784,0.132454,0.0939391
6.96906973034617,7.1723128402107,0.383944,0.351232
4.04913564372901,4.75595082060302,0.0770995,0.0615613
3.27323057926278,5.36904594762056,0.0965985,0.0543759
2.25085985162017,4.45124322085367,0.0744226,0.0410879
2.22272080757509,2.92454097777458,0.0721662,0.0525739
2.22411054619666,2.92454097777458,0.0778159,0.0423546
2.76173094946943,3.33323483226575,0.0962249,0.0508214
3.80114595333826,7.31559616271271,0.127712,0.0502384
1.95111117304553,3.78277882376676,0.164625,0.0929723
2.58673359110781,4.54284710238759,0.0901585,0.0619614
2.61109822953313,5.15911741359561,0.156495,0.0766361
5.92240316996961,5.98496863880717,0.285673,0.0953855
2.61724796501734,6.37442056028805,0.153482,0.092432
2.61728922087633,6.37442056028805,0.250491,0.212561
7.51064804796388,7.64998110245168,0.282679,0.0916458
6.0468926737084,9.3307233484787,0.0371092,0.0336498
8.76002959797657,6.70167060237515,0.16789,0.0525631
5.6988616532038,6.00338335044742,0.395007,0.405796
0,0,0,0
0.056976378753763,5.89304203523234,0.0396611,0.0150005
0.917652280365852,0.941480800443434,0.0151559,0.0176202
3.22775367879212,3.16310045264068,0.0112146,0.0199914
3.36034368015694,3.19937952624896,0.0148234,0.0246399
2.37931899691338,4.73259318275924,0.142233,0.0717766
7.23446935270939,7.21039328444482,0.36211,0.316757
4.51148192228257,5.10533624374661,0.0496411,0.0370973
2.80564816072109,5.11297025700076,0.100834,0.034426
2.6332929749437,4.58715360447151,0.0801464,0.0253705
1.88731463320693,2.75875536415001,0.071441,0.0301019
1.88891428604424,2.75875536415001,0.0739477,0.02203
2.37706739181861,3.12254677133276,0.104221,0.0312962
3.35771032116969,7.14518962016946,0.140528,0.0290069
1.96808606252036,3.82242884157345,0.172135,0.0675141
2.27046274826411,4.42998002379593,0.102541,0.0432148
2.70843732084093,5.24481853580237,0.172507,0.0603475
6.33421089470013,6.29046668035375,0.217293,0.0731161
2.71428624216294,6.44397908637619,0.168122,0.0768001
2.71432548456501,6.44397908637619,0.253163,0.188081
7.84328939074984,7.86783290199087,0.19982,0.065896
6.52559831369524,9.61935824855442,0.0113057,0.0117426
9.16315336451674,7.07412607239032,0.0995596,0.0267966
5.7410207625689,5.8637046442036,0.37077,0.373763
0,0,0,0
0.861613599796105,5.82419251572257,0.0249013,0.00701833
3.17150724949597,6.2833894017958,0.0128212,0.00770973
3.30401107126759,6.4027579721255,0.0390353,0.0190298
2.42465284468259,4.91468148764647,0.103434,0.060951
7.21815235969072,7.96991681305676,0.321698,0.298216
4.45450895525691,6.82123742222743,0.0368963,0.0260712
2.85174308745327,5.28542061349748,0.0755621,0.0220328
2.57904456423696,5.38467230587906,0.0406074,0.0148597
1.90794636066583,5.86101939313424,0.0527511,0.0220062
1.90951547112121,5.86101939313424,0.0530601,0.0153478
2.40660849105791,6.09014892319399,0.06597,0.0225823
3.39862623929321,8.08381410190856,0.0891142,0.0182083
1.94311960214137,6.84594916813459,0.154648,0.0607759
2.28876752156472,5.22750061796527,0.0877387,0.0369525
2.6768398579955,6.90372740984798,0.128153,0.0494615
6.29709303753231,9.28003386468432,0.283826,0.0677756
2.68272666542253,8.42437014583145,0.120192,0.0658669
2.68276616148151,8.42437014583145,0.210817,0.172938
7.81802671186145,10.8158771782492,0.267871,0.0642522
6.47599035264553,13.1898377115381,0.0311558,0.00564493
9.12765745785378,8.8383712904396,0.168109,0.0211073
5.75140396294222,7.07434475496324,0.34405,0.352111
0,0,0,0
2.31028987347174,2.23533917840363,0,0
2.44314409194991,2.28202029265996,0.00585722,0.0181809
3.22064532236777,4.94152679029124,0.157047,0.0737099
6.86741359704899,6.99499969849925,0.383924,0.338527
3.61381868733994,4.2232444470778,0.0558975,0.0333452
3.65123816025745,5.37738304983374,0.0978067,0.0262004
1.87001722298632,3.96559301876144,0.0813787,0.0166177
2.4824046391459,2.92388480284038,0.0820716,0.0252026
2.48358040700863,2.92388480284038,0.079679,0.0137456
3.05594538765617,3.40980914529939,0.115611,0.0263279
4.1477113031096,7.33161067256288,0.149564,0.0237745
1.91835000812614,3.88887989977742,0.187682,0.0656762
2.82175360304868,4.57560492967042,0.114492,0.0376376
2.47941124382773,4.91655891310427,0.191267,0.0560779
5.6513447910921,5.80848063791504,0.210415,0.0716348
2.48566093232629,6.1797489057552,0.181472,0.0756794
2.48570285704438,6.1797489057552,0.283109,0.206267
7.33322671289325,7.60380238480993,0.196173,0.0612122
5.66734852804113,9.35717793979912,0,0.0026517
8.49457877113953,6.29857938518272,0.0848837,0.013002
5.815892137965,5.98909938802947,0.395082,0.401294
0,0,0,0
0.136332509001707,0.265586628928928,0.0219153,0.0182546
5.43733262491172,6.06661516135463,0.140905,0.0731736
6.50216432563272,6.6881668553357,0.385746,0.341054
1.43729956513832,2.30091609933481,0.036968,0.0359496
5.86445771950077,6.5443900946534,0.110845,0.0309975
1.47183962520783,3.32733234503469,0.0599421,0.0187232
4.47016645465504,4.25107455152375,0.0663307,0.025178
4.47073847338863,4.25107455152375,0.0725684,0.0149028
5.08697868540309,4.83481381676642,0.0981335,0.0247287
6.27468054608017,8.22705726685186,0.136894,0.0241977
3.23102997383178,4.75875643291146,0.185654,0.0680396
4.7181196009071,5.57827415035916,0.101607,0.0401078
3.21504995973675,4.86304198401804,0.169147,0.0559349
4.38481522305787,5.09754968168206,0.256589,0.0715597
3.21949343833904,6.13725690601914,0.152809,0.0760491
3.21952326646861,6.13725690601914,0.262965,0.205241
6.51320416410182,7.30763964761403,0.235942,0.062686
3.67049273746001,8.98356767294755,0.00147108,0.00490334
7.10961841255674,4.63149592954854,0.119024,0.0176243
6.63886619493076,6.5837198655145,0.398,0.402357
0,0,0,0
5.56035449957388,6.19254338437605,0.106293,0.0706004
6.53688181921552,6.70615330728817,0.376223,0.330928
1.30852314226746,2.3463670127606,0.0416331,0.039261
5.98688073491678,6.64841505527813,0.0681916,0.0303579
1.52972960033917,3.49341475485583,0.0481996,0.0215746
4.58210413036174,4.30915808530918,0.0352525,0.0258375
4.58264444210374,4.30915808530918,0.0542735,0.0179046
5.19949615341711,4.88281404646126,0.0815933,0.0266315
6.39096867011718,8.30305670274544,0.10526,0.0242249
3.32166068886565,4.65683742028547,0.128653,0.0664121
4.82467835913894,5.59940409684624,0.0679551,0.0403662
3.27821289323376,4.88643280718789,0.140796,0.055085
4.36787601702409,5.11103932516145,0.248293,0.0798944
3.2824897070137,6.15580787316496,0.135639,0.0734552
3.28251841820327,6.15580787316496,0.230799,0.19285
6.51884953505725,7.29875273574957,0.24541,0.0738975
3.58746842768495,8.86828599875703,0,0.0114305
7.0723652744192,4.63116774848576,0.136373,0.028552
6.73403379277624,6.63041936288987,0.391308,0.389872
0,0,0,0
9.2755438167952,8.0604661345662,0.465269,0.378087
6.54634170783369,6.60655042441667,0.120398,0.0896368
0.430686175163339,0.82950234256398,0.0673438,0.0758929
4.4413442354101,4.58567453235016,0.0608797,0.0569121
1.26340450893423,3.1993535796001,0.0578245,0.0698131
1.26430044940982,3.1993535796001,0.0603182,0.0583012
0.893466297267146,3.1390383205908,0.0633465,0.0629579
1.03327549239046,4.78396007246173,0.0771498,0.0651694
2.78428672290668,5.49856621777642,0.139926,0.111018
1.37258847996918,4.43092541698091,0.0878605,0.0732515
3.49340706568057,4.96432258152244,0.0931555,0.0863464
8.67895248687379,10.0069563448889,0.443166,0.129718
3.49619890958552,6.21781663331842,0.126428,0.103733
3.49621766856104,6.21781663331842,0.265429,0.226796
10.0387413147301,11.6021874804587,0.447048,0.132159
8.88636559608249,13.7164417231163,0.123528,0.0578901
11.4890542390841,10.0456483797662,0.351138,0.0926336
7.15626985773402,6.23416104045672,0.460889,0.425074
0,0,0,0
7.3730275523229,6.93700423057255,0.424289,0.360913
9.62814766522085,8.28809223611984,0.446257,0.357963
7.72938892655206,6.93291367454107,0.3751,0.308276
9.11887680322235,7.52884432407467,0.429812,0.352905
9.12052714582989,7.52884432407467,0.426513,0.326485
9.55976513011226,7.90002070570263,0.419325,0.323432
10.3059266591427,10.1114368950672,0.475499,0.350396
8.76510011959555,8.15309177731388,0.522889,0.390197
9.50455020477327,8.35153736884873,0.411542,0.322905
9.18119366738271,8.22177147257545,0.455891,0.326693
2.94939963933673,8.37542698579374,0.517622,0.342729
9.18716572919043,9.03406171881801,0.45911,0.347204
9.18720579262855,9.03406171881801,0.563327,0.465793
1.40311778607625,9.53583115542743,0.530802,0.365469
5.16616397292982,11.6225014659276,0.378235,0.321428
3.62845662113329,7.97907582782899,0.454866,0.348115
3.36247083062698,2.95194028024538,0.212698,0.169032
0,0,0,0
6.96044365021517,7.06525407295685,0.081441,0.0447819
2.13620344182692,2.83378908562407,0.0369563,0.031371
5.44788084309415,5.11475933828901,0.0389272,0.0411644
5.44804941614153,5.11475933828901,0.0383522,0.032844
6.0603708608309,5.68782863687983,0.065468,0.041838
7.28137567513904,8.53818569931157,0.0910194,0.0367138
4.00758449642631,5.73506410807355,0.154732,0.0850594
5.62491130465829,6.20964427828754,0.0815619,0.050664
3.70556452788935,4.52008179775855,0.116194,0.067206
4.85058503141635,6.37309717470446,0.356651,0.102359
3.70797971910098,5.8692320153991,0.121631,0.0841563
3.70799595080283,5.8692320153991,0.259141,0.215076
7.13397808992505,8.6172093260922,0.354358,0.0995566
3.4508367918329,10.0839457896097,0.0124708,0
7.2986229333944,4.8410570083228,0.239267,0.0524476
7.93759391644891,7.31218584572501,0.435175,0.418787
0,0,0,0
4.84750556333068,5.14565696125431,0.028689,0.0219138
1.60460734811628,3.42799735546544,0.0269391,0.029867
1.6051748566694,3.42799735546544,0.0350052,0.0186554
1.11569842633091,3.2482859188084,0.0354308,0.0265055
0.701756978896471,4.6167571522456,0.0427537,0.0214874
3.14643945502887,5.43689429586115,0.0821356,0.0677298
1.63288967846557,4.45542614097298,0.0523439,0.0415048
3.82500862695862,5.11371900594048,0.0744055,0.0524162
9.09124342532257,10.5676719778748,0.41995,0.100494
3.82737193152617,6.3377335904781,0.0939335,0.0721159
3.82738781507837,6.3377335904781,0.229246,0.204645
10.4182946398421,12.1151937589311,0.425563,0.0995464
9.31658654489838,14.0639915451542,0.0788198,0.0199836
11.8953671335002,10.6203964557719,0.314015,0.0524442
7.41590586217871,6.39439644548247,0.454234,0.416024
0,0,0,0
3.31395411218045,3.92474274440698,0.0144765,0.0190923
3.31407835167905,3.92474274440698,0.0204166,0.0102527
3.92492489870423,4.45733840674002,0.0229208,0.0172579
5.14705258352168,6.86900269874342,0.0378959,0.0155183
1.88711518854249,5.51136974583601,0.0891667,0.0562517
3.48999566384427,5.169342481167,0.0415912,0.0320338
1.7491113989715,3.74659502960516,0.0635326,0.0427826
5.82032402738058,7.56164536594443,0.371129,0.0852514
1.75330695622461,5.15093711457849,0.0715993,0.0571558
1.75333514229336,5.15093711457849,0.184025,0.163737
7.87591563903036,9.68804940188381,0.36611,0.0797552
5.10338520245695,11.5450041285766,0.0580665,0.0116102
8.57393764417992,6.54280692502102,0.264172,0.0395708
7.34816161130842,6.58518735429745,0.387406,0.361342
0,0,0,0
0.00192406154607842,1.8742721836922e-15,0.0243874,0.0130112
0.618177184655766,0.631522573606096,0.0170952,0.0216296
1.83350048310595,5.71020571174485,0.0309881,0.0190946
1.5439172641292,3.36420141774136,0.0886235,0.0612839
0.392559552610322,3.04512881974103,0.0378965,0.0370039
2.23056304723918,3.67733270625467,0.0554638,0.0530038
8.12954277000444,8.34446396416372,0.395503,0.0995735
2.23328182632521,5.24781105077611,0.0826027,0.0712024
2.23330011286306,5.24781105077611,0.213533,0.20151
9.7220328699678,9.91886061117697,0.39401,0.0952576
8.05880421017519,11.4011971035802,0.0534804,0.015645
10.9713770059904,8.52209731702183,0.276818,0.0456855
7.42711777214932,5.87600840809981,0.443991,0.413293
0,0,0,0
0.617739968727376,0.631522573606096,0.0218127,0.0145735
1.83332774893934,5.71020571174485,0.0342767,0.0107773
1.54348719008492,3.36420141774136,0.0832622,0.0487454
0.390751686877535,3.04512881974103,0.042096,0.0290697
2.22973303084589,3.67733270625467,0.0644773,0.0404792
8.13079078487683,8.34446396416372,0.383701,0.088384
2.23244743281923,5.24781105077611,0.0739833,0.0572057
2.23246569004814,5.24781105077611,0.213326,0.176714
9.72353490658654,9.91886061117697,0.377184,0.0811429
8.05960712256111,11.4011971035802,0.0525094,0.00912535
10.9726404781087,8.52209731702183,0.274574,0.0365124
7.42900934142387,5.87600840809981,0.429072,0.38549
0,0,0,0
1.22445646640811,5.53348693641059,0.0271035,0.0197376
2.11634856256467,3.3881088500159,0.0802434,0.0581129
0.520171256255138,2.9857284537907,0.0367606,0.035752
2.73984481892434,3.88309910231903,0.0531782,0.0454616
8.68387557154178,8.84877077558214,0.417603,0.0971841
2.74173931091213,5.39399699949753,0.0741526,0.0638347
2.74175206370872,5.39399699949753,0.206623,0.178425
10.2155901069337,10.3416934472258,0.414636,0.0923163
8.66556907362882,11.7441760133028,0.0933433,0.0175519
11.5216742267165,9.10336367688761,0.310451,0.0495796
7.69698195047794,6.09750718870771,0.428758,0.378601
0,0,0,0
3.33552995964404,6.35134717449179,0.0995851,0.0557242
1.70413962116994,5.8224260972719,0.0593872,0.0333909
3.91990339954416,5.23131257536123,0.0550585,0.0419884
9.68447710250419,11.927280147124,0.463346,0.10139
3.92119320687208,4.29942963440361,0.0916741,0.0624499
3.92120189178122,4.29942963440361,0.251996,0.19513
11.0711219261014,13.7464815772427,0.467832,0.0984491
9.80635129435305,15.040427841609,0.118763,0.0139401
12.5030653983146,11.8380159493535,0.365807,0.0509942
8.11736827925105,8.48909717626163,0.472639,0.410773
0,0,0,0
1.63883899126691,3.17213965199915,0.106182,0.0723126
0.798762567005167,3.83458256557698,0.106847,0.08347
7.31385695300438,8.71084631041309,0.471858,0.140683
0.80360948355654,5.13527200443319,0.147284,0.102265
0.803642063722636,5.13527200443319,0.298947,0.231078
9.15713479466019,10.3354222002974,0.492767,0.137201
6.90000721292697,10.6326543438307,0.142176,0.0562272
10.1401827997372,8.63163029286843,0.388551,0.0916412
7.64834977034579,7.03782089285645,0.519657,0.443263
0,0,0,0
2.22669980439189,3.92442119959849,0.0718095,0.059477
8.4730767169736,9.4155412991997,0.395992,0.103704
2.22838925620426,5.47645104654717,0.0839011,0.0746979
2.22840064472025,5.47645104654717,0.192618,0.179273
10.0946125617014,10.9823407954771,0.393933,0.100158
8.33921475386659,11.9398596307334,0.0962049,0.0318106
11.3163291657183,9.24545984428187,0.296454,0.0608235
7.81464673284412,6.81305448760974,0.419342,0.371675
0,0,0,0
7.50319045861442,9.19004054228996,0.461801,0.120895
0.00625049749049815,2.98019061134428,0.0670712,0.0729351
0.0062924276161765,2.98019061134428,0.197193,0.185783
9.4669412089957,11.26519460895,0.469333,0.118629
6.84898305493799,12.1199695686606,0.147639,0.0465752
10.2899309025848,8.31204957610854,0.383193,0.0826819
8.2891336166537,7.44594086525797,0.451735,0.370145
0,0,0,0
7.50837176411556,9.9233860229808,0.442371,0.134721
7.50840652707068,9.9233860229808,0.488145,0.230286
2.31539764927781,2.86348159766955,0.0882978,0.0869368
2.21680623267636,6.23398306131497,0.231432,0.0699547
2.84359308795782,3.487219425341,0.0799891,0.0558816
5.22616404991295,8.76374132362501,0.50384,0.38533
0,0,0,0
4.19301242322903e-05,1.42177919158667e-15,0.0560264,0.0392843
9.47257604339985,12.0114693183612,0.451373,0.135158
6.85291413405785,12.6850466036754,0.144154,0.0647229
10.2948755048887,9.16696831118085,0.368224,0.1023
8.29536644140682,8.33419344394382,0.462991,0.388792
0,0,0,0
9.47261384591879,12.0114693183612,0.514838,0.246242
6.8529405161799,12.6850466036754,0.233779,0.182784
10.2949086792346,9.16696831118085,0.440745,0.228246
8.29540825309434,8.33419344394382,0.550756,0.491963
0,0,0,0
4.39579383902347,5.85883442398316,0.222945,0.062752
2.22535046813832,5.82242341018024,0.0792489,0.0496087
4.7156193916237,9.79204810648369,0.519862,0.416346
0,0,0,0
3.95133110801005,7.56804386616117,0.117968,0.0152472
7.13435708191963,11.9881497819485,0.391973,0.381731
0,0,0,0
6.90091850708407,9.02837401036292,0.455676,0.411123
0,0,0,0
